Track name,Artist name,Album,ISRC,Duration,Year,Month,Day
Sunup,softy,Overnight,GBLV62107592,100,2001,5,9
Late Night Talking,Harry Styles,Harry's House,USSM12200610,100,2013,11,27
Cumbia En La Playa,Grupo Kual?,Cumbiando Este 5 De Mayo,USAGX0506620,100,1994,9,1
Sexo en Fuego,Los Master Plus,Puro Cumbión Legendario,MX3741801303,100,2004,11,30
Aléjate de Mi,Mexikolombia,Sin Mirar Atrás,MXD781803105,100,2002,5,15
Dahlia,no one's perfect,Measures Of Time,GBKQU2268254,100,2015,10,7
In My Sleep,Wilhelmina,In My Sleep,NLT2H2200559,100,2010,11,20
World Within,Hoogway,Equation Of Time,GBKQU2278078,100,2013,4,28
Snow & Sand,j'san,1 Am. Study Session,TCAEN1970748,100,2008,3,16
Bones,Imagine Dragons,Mercury - Acts 1 & 2,USUM72201759,101,2008,1,17
Lasting,Sling Dilly,Sleepless Night,GBKQU2242332,101,2015,7,17
La Última Coca del Desierto,Los Master Plus,Puro Cumbión Legendario,MX3741801302,101,2015,10,29
Aether,BluntOne,Autumn in Budapest,GBLV62009951,101,2022,2,7
Still Snowin',softy,The Day I Passed,GBKQU2260595,101,2009,6,23
Efecto,Bad Bunny,Un Verano Sin Ti,QM6MZ2214884,102,2000,8,24
The Secret Road,DaniSogen,Enchantments,GBKQU2175193,102,2007,2,9
Follow Me,amies,Oblivion,GBKQU2139466,102,2001,4,28
Jordan,Ryan Castro,Jordan,FR96X2111994,102,2003,12,10
Time Stands Still,Purrple Cat,Adventure Island,GBKQU2167641,102,2022,8,2
Riverside,Slo Loris,Riverside,GBLV62019390,103,1990,7,31
Alaska,Camilo,Alaska,USSD12200522,103,2011,8,18
La Cumbia Del Garrote,Los Del Garrote,Los Del Garrote,MXF119908105,103,2018,6,13
Moscow Mule,Bad Bunny,Un Verano Sin Ti,QM6MZ2214875,103,1995,9,18
From Within,Loafy Building,Butterflies,GBKQU2224979,104,1997,5,1
I Want To See You Smile,Lilac,When I Dreamt of You,GBKQU2161340,104,2005,6,30
Healthy Distraction,less.people,One Day It’s Over,GBLV62040587,104,2019,12,28
Yonaguni,Bad Bunny,Yonaguni,QM6P42169803,104,1991,1,21
Ferrari,James Hype,Ferrari,GB3CE2200004,105,2004,7,14
Circadian,S N U G,Quietude,GBKQU2183088,105,1993,7,8
Yo No Sé Mañana (salsa),Luis Enrique,Ciclos,FR6V81056583,105,2016,12,6
"Quevedo: Bzrp Music Sessions, Vol. 52",Bizarrap,"Quevedo: Bzrp Music Sessions, Vol. 52",UYB282201028,105,1994,9,2
Perfume,Lilac,When I Dreamt of You,GBKQU2161341,105,1993,11,24
Hechicería,La Sonora Dinamita,Juntos Por La Sonora,MXUM71501793,105,2022,12,6
Point Me Home,Dimension 32,Silent Emotions,GBLV62100867,106,2021,4,21
Una Noche en Medellín,Cris Mj,Una Noche en Medellín,QM4TW2218961,106,1999,11,26
Pidele Perdon,Wence Y Su Grupo,20 Cumbias Con Amor,CA5KR1835498,106,1992,5,28
Tiene Espinas El Rosal,Grupo Cañaveral De Humberto Pabón,"Grupo Cañaveral, Vol. III",MXF331110553,106,2000,3,10
Winter Shells,Mondo Loops,Terrapin,TCAEW2077420,106,2006,9,2
Constellation,softy,The Beauty Around Us,GBLV62026696,106,2011,6,20
Mama Cumbia,Los Socios Del Ritmo,Llorar,QMFME1327249,106,2005,2,11
Frost Flowers,Ambulo,Sea Forest,GBKQU2220289,106,2015,7,12
Can't Stop,Red Hot Chili Peppers,By the Way (Deluxe Edition),USWB10201694,107,2010,4,16
The Lasting Memory,Mondo Loops,Forest Kingdom,GBKQU2273138,107,2005,7,5
Emerald,Sátyr,Argo,GBKQU2160333,107,1997,8,11
Sin Alma Y Sin Corazon,La Sonora De Macondo,Sin Alma Y Sin Corazon,USJ3V1098452,107,2021,9,20
Regresa Mi Vida,Grupo Cañaveral De Humberto Pabón,"No Te Voy A Perdonar, Volumen 4",MXF331110594,107,2018,7,29
Miles Apart,cxlt.,A Moment Away,GBKQU2262874,108,2019,10,18
Teleport,So.Lo,QuietPath,GBKQU2262868,108,2009,5,7
When We're Together,Tibeauthetraveler,Travel Buddies,GBKQU2224995,108,2013,1,16
About U,Reel Mood,About U,DES232200300,108,2014,5,21
hope,Bcalm,Elements,GBKQU2194058,108,2006,6,9
Un Ratito,Bad Bunny,Un Verano Sin Ti,QM6MZ2214879,108,2012,7,17
Mind Pool,Dontcry,Time In Motion,GBKQU2106997,109,2011,3,20
Back Then,Bcalm,Feelings Pt.2,GBLV62129260,109,1991,12,26
Hasta El Cielo Lloro,Grupo Cañaveral De Humberto Pabón,Hasta El Cielo Lloro,MXF331110618,109,2022,5,13
Lune,Hoogway,Alley Of Trees,GBKQU2186443,109,2010,11,8
white leaf,Jhove,dream tapes,GBKQU2176907,109,2002,6,12
Paralyzed,yuma.,Paralyzed,DES232100420,109,2016,10,10
Jinetes En El Cielo,Los Beltons,Sonideras Peruanas: Cumbias & Guarachas Limpias,PEIFP2100297,110,1995,5,8
Guaracha Sabrosona,Alberto Pedraza,Guaracha Sabrosona,USDHM1519312,110,2012,6,15
Something Real,Nu Aspect,Something Real,DES232100640,110,2007,5,2
"We're home, Now",softy,The Day I Passed,GBKQU2260596,110,2002,3,3
vagabond,Mau,Les jours d’après,GBKQU2276650,111,1992,10,2
Toxicity,System Of A Down,Toxicity,USSM10107262,111,2005,11,18
moonlit glass,Kanisan,"mist, shadows & i",GBLV62122972,111,1991,6,6
Discover,Elior,Walls,GBLV62040200,111,2021,8,12
Snow Day,takeo,Morning Coffee,GBKQU2237578,112,2019,5,6
La Carcacha,Selena,La Leyenda (Version Super Deluxe),USEL19200542,112,2018,9,4
Torii,Fatb,2 Am. Study Session,TCAES2036557,112,1990,5,4
DESPECHÁ,ROSALÍA,DESPECHÁ,USSM12207207,112,2012,11,2
Llorar,Los Socios Del Ritmo,Llorar,QMFME1327237,112,2012,4,26
The Motto,Tiësto,The Motto,CYA112001070,112,1990,1,6
Best Friend,Krynoze,Pawmises,GBKQU2271784,112,2021,2,3
Mira oye,Los Tigrillos,Que lo baile bien,MXF160000528,112,1998,11,18
Birds In The Sky,Mindeliq,New Horizons,GBLV62120446,113,1991,11,2
After LIKE,IVE,After LIKE,QMBZ92254957,113,1996,11,5
As Above So Below,No Spirit,Between Worlds,GBKQU2278942,113,2006,9,3
One Day,Tonion,Stories of Synergy,GBKQU2255692,113,1994,3,11
Line Between,Tonion,Stories of Synergy,GBKQU2255694,113,1993,4,9
Y Ahora Te Vas,La Nueva Luna,Humildad y Talento,ARG991029258,113,2020,9,13
Que Te Vaya Bien,Grupo Jalado,Que Te Vaya Bien,ushm81761449,114,1997,9,24
Cumbia Campirana,Super Grupo Colombia,Cumbia Campirana,MXF550808660,114,1991,6,30
Serene,Lawrence Walther,Floating into Serenity,GBLV62130167,114,2001,4,28
Tarot,Bad Bunny,Un Verano Sin Ti,QM6MZ2214881,114,2017,11,26
Distant Thoughts,Towerz,Until Tomorrow,GBLV62021257,114,2007,7,24
A'mal,Sleepermane,Dreamtime,GBKQU2271654,115,1990,3,12
Antes Que al Mío,Los Ángeles Azules,Esto Sí Es Cumbia,MX1721600901,115,1996,5,20
Tarot,Bad Bunny,Un Verano Sin Ti,QM6MZ2214881,115,2004,7,6
Solo y Triste,Cielo Gris,Sonideras Peruanas: Cumbias & Guarachas Limpias,PEIFP2100299,115,2017,2,5
Moonlight Glaze,sinnr,Sunday Morning,GBKQU2228191,115,1993,6,28
I Can't Do This Anymore,Amess,Are we okay?,GBKQU2205699,115,1995,2,16
Arrival,brillion.,Bedtime Stories Pt. 3,GBLV62023516,115,1998,4,13
Remembering You,fourwalls,Staring Contest,GBKQU2102731,115,2004,4,1
willow hill,Spencer Hunt,Windy City,GBLV62114738,116,2021,8,21
Beyond,kyu,Until we meet again,GBLV62124608,116,2016,11,22
The Ridge,Allem Iversom,The Ridge,GBLV62006738,116,2020,4,17
Midas,LESKY,Sleepovers,GBKQU2199400,117,2004,11,28
No Es Por Acá,Carin Leon,No Es Por Acá,QZQMB2102485,118,2015,3,23
Run Deep,Nu Aspect,Run Deep,DES232100470,119,2003,10,24
Bumpin on Sunset,BluntOne,A Day in the Life,GBKQU2201071,119,2007,11,24
Hario,iamalex,New Day,GBKQU2256279,119,2013,4,22
Shine On,cxlt.,Your Light,GBLV62122726,119,1992,8,18
Aligned,Sling Dilly,Weightless,GBKQU2210268,119,2018,3,3
Primer Beso,Raymix,Oye Mujer,TCACM1605852,119,2001,5,22
Thinking of You,Oatmello,Simple Things,GBKQU2180616,119,1995,9,10
Passenger,DLJ,After Life,GBKQU2248984,119,2000,7,18
Distant Voices,BVG,A Spirit’s Tale,GBKQU2187367,120,2005,6,27
Running Up That Hill (A Deal With God),Kate Bush,Hounds Of Love,GBCNR8500002,120,2018,10,2
Chale,Eden Muñoz,Chale,MXB952200017,120,1999,1,27
Moonfall,Towerz,Cozy Winter,GBKQU2101992,120,2001,10,12
Flow,Living Room,After The Rainbow,GBLV62129244,120,1999,11,14
Magical Connection,Peak Twilight,Departure,GBKQU2147436,120,1994,5,16
Comfort,Bcalm,Feelings,GBKQU2118462,121,1996,9,28
La Cumbia Te Llama,Aaron Y Su Grupo Ilusion,Un Poco Locos (Edición De Lujo),MXUM71900239,121,2011,9,19
Besar Tu Piel,Rayito Colombiano,Cicatrices,MXUM70801965,121,2008,4,22
Chrono,Monma,Calm Lands,TCAET2039758,121,1991,8,13
A Meditation,Kanisan,A Way of Existing,TCAEU2058637,121,2006,10,14
Todo Me Gusta De Ti,Aaron Y Su Grupo Ilusion,Cumbias Sonideras Románticas,MXUM70800693,121,2017,11,24
Bed Of Flowers,Osaki,Evergarden,GBKQU2266821,122,2000,9,16
Fireflies,amies,Nocturne,GBKQU2171107,122,2016,7,15
Ojos Verdes,Julión Álvarez y su Norteño Banda,Soy Lo Que Quiero... Indispensable (Edición Especial),MX4881300006,122,2017,3,27
Acaríñame,Los Ángeles Azules,Acaríñame,MX1721901113,122,2021,12,9
Last Resort - The Rework,Papa Roach,Last Resort (The Rework),USUM71804830,122,2001,10,11
Time,M e a d o w,Days Of Tomorrow,GBKQU2143676,122,2007,10,1
DON'T YOU WORRY,Black Eyed Peas,DON'T YOU WORRY,USSM12202555,122,2001,9,14
El Paso del Gigante,Sonador,Deficit,US5940800002,123,2016,4,20
Baila Esta Cumbia,Selena,La Leyenda (Version Super Deluxe),USEL19000651,123,1990,7,14
Rush,SOMMA,Rush,DES232200270,123,2005,7,20
Los Botones Azules,Junior H,Mi Vida En Un Cigarro 2,USWL12200130,123,2021,3,27
Body on Fire,SOMMA,Body on Fire,DES232200150,123,2015,10,14
Fuiste Mala,A.B. Quintanilla III Y Los Kumbia Kings,"Amor, Familia Y Respeto",USEL19900118,123,2022,12,15
Opposite Ends,juniorodeo,Before Sunrise,GBKQU2122013,123,2007,10,1
El Chico Del Apartamento 512,Selena,Amor Prohibido,USEL19400015,124,2006,2,11
No Se Va,Grupo Frontera,No Se Va,QZHN72212529,124,2008,1,20
Where We Are,Project AER,Journals,GBLV62113814,124,1996,9,16
Reliving,cxlt.,Somewhere In Time,GBKQU2150902,124,2015,10,5
Entrega De Amor,Los Ángeles Azules,Pachangón Sonidero,MXUM70801266,125,2006,1,22
Me Ganaron Tu Cariño,Wence Y Su Grupo,Ritmo Nuevo,CA5KR1832700,125,2008,12,6
Fuera del mercado,Danny Ocean,@dannocean,USWL12200098,125,1990,8,5
Bedtime,Hevi,Before It’s Late,GBKQU2107946,125,1991,3,18
Midnight Glow,Casiio,Sleepless Night,GBKQU2242340,125,2014,4,6
Go,TCTS,Go,DES232200360,126,2006,6,19
LA CANCIÓN,J Balvin,OASIS,USUM71911618,126,2005,7,3
Orion,Hoogway,Equation Of Time,GBKQU2278077,126,2005,9,14
Northern Lights,Tibeauthetraveler,Motions,GBKQU2121982,126,2001,4,17
Water Lily,TABAL,Rainy Days,GBLV62116020,126,2007,8,31
La rebelion,Joe Arroyo,Sabor a Salsa,ARG991001050,127,2021,5,25
Pier,Slo Loris,Riverside,GBLV62019394,127,2022,12,26
Light,Nu Aspect,Light,DES232000080,127,2022,2,28
Después de la Playa,Bad Bunny,Un Verano Sin Ti,QM6MZ2214876,128,2012,12,27
Beyond,TABAL,Riverside Sunset,GBKQU2264070,128,2011,2,1
Silence,Dark Heart,Silence,DES232200170,129,2013,7,28
Flood,Sátyr,Argo,GBKQU2160331,129,2016,7,9
Carry Me,No Spirit,4 Am. Study Session,GBKQU2144249,129,2012,1,5
Under A Wishing Sky,Lilac,Lanterns,GBLV62030163,129,2012,6,2
Lessons We Learned,Sitting Duck,Wonderland Chapter II,GBKQU2137124,130,2020,8,12
Mis Sentimientos,Los Ángeles Azules,Pachangón Sonidero,MXUM70801270,130,1992,7,20
Equation Of Time,Hoogway,Equation Of Time,GBKQU2278073,130,2017,7,17
Tender Souls,Kupla,Melody Mountain,GBKQU2141774,130,2008,1,29
Let It Bleed,SOMMA,Let It Bleed,DES232200030,130,1999,2,21
Que Te Vaya Bien,Julión Álvarez y su Norteño Banda,Que Te Vaya Bien,QZ7HP1800030,131,1995,7,28
Pedacito De Mi Vida,Tiberio Y Sus Gatos Negros,Especial Tropical Vol.2,TCADE1743210,131,2007,2,10
Pibe Cantina,Yerba Brava,20 Grandes Exitos,ARF060500101,131,1997,11,1
Cumbias Pegaditas Norteñas: Tómalo o Déjalo / Paloma Ajena / Amor Ausente,Cuarteto Continental de Alberto Maraví,Cumbias Pegaditas Norteñas: Tómalo o Déjalo / Paloma Ajena / Amor Ausente,PEIFP2000031,132,1999,7,1
Evergarden,Osaki,Evergarden,GBKQU2266815,132,2000,12,9
Buds of May,Towerz,Solemn,GBKQU2221372,132,2015,2,12
"Quevedo: Bzrp Music Sessions, Vol. 52",Bizarrap,"Quevedo: Bzrp Music Sessions, Vol. 52",UYB282201028,132,2002,9,10
Me Porto Bonito,Bad Bunny,Un Verano Sin Ti,QM6MZ2214877,133,2011,4,5
Conga Y Timbal,Los Yaguarú,Conga Y Timbal,MXF331110574,133,2003,6,23
Doja,Central Cee,Doja,ZZOPM2237319,133,2004,7,31
Super Freaky Girl,Nicki Minaj,Queen Radio: Volume 1,USUM72215262,133,2019,11,26
BYE-LANDO,Los Master Plus,BYE-LANDO,QMBZ92012465,133,2014,1,16
dunes,Mau,Les jours d’après,GBKQU2276648,133,2002,4,25
Burn Me Like a Fire,Bullet,Burn Me Like a Fire,DES232200130,134,2005,6,3
Voices of the Ancestors,DaniSogen,The Magic Unfolds,GBKQU2218080,134,1994,1,21
Maruja,La Sonora De Macondo,Sin Alma Y Sin Corazon,USJ3V1098454,134,2010,10,23
Me llamo Raquel,Banda Machos,La Reunión,MXF160001150,134,2006,12,9
Lessons in Nature,Phlocalyst,Roadwalks,GBLV62122214,134,1994,9,23
Te Felicito,Shakira,Te Felicito,USQX92201764,135,2015,10,28
El Triki,Mxcl,El Triki,QZNJV2096760,135,2009,5,28
Brindo por Tu Amor,Los Chipis,Sonideras Peruanas: Cumbias & Guarachas Limpias,PEIF21802277,135,2002,10,15
Macondo,Cuarteto Continental de Alberto Maraví,Macondo,PEIFP1900051,135,2008,4,20
Words,Nu Aspect,Words,DES232200410,136,2003,12,26
Otherside,Red Hot Chili Peppers,Californication (Deluxe Edition),USWB19900693,137,2013,9,16
Under The Stars,Laffey,Forever Changing,GBLV62030597,137,2012,10,27
Youth,BVG,Temple Garden,GBKQU2105083,137,2018,9,12
PROVENZA,KAROL G,PROVENZA,USUM72205906,137,2011,2,12
cutie,Bcalm,Elements,GBKQU2194051,137,2011,7,16
Morning Coffee,Osaki,New Beginnings,GBLV62104860,138,2020,7,26
Un Monton De Estrellas,Polo Montañez,Memoria,FRX620020060,138,2018,2,15
The Silk Road,l'Outlander,Massa,GBKQU2166065,138,2010,3,30
Paloma ajena,Agua Marina,Vol. 13 Así es el amor,PEOE10113006,139,1998,2,2
Inhale,Hoogway,Moments To Keep,GBKQU2199705,139,1993,11,3
Innocence,No Spirit,Happy Moments,GBLV62118101,139,2020,8,21
Amor de Crucero,Sonido Satanás,Barrio de Mis Amores,QM4DW1684720,139,2013,1,25
San Lucas,Kevin Kaarl,San Lucas,QZHN91944653,140,2020,8,20
Here Comes the Rush,Harrison,Here Comes the Rush,DES232200180,140,2022,7,23
La Tortuga,Yerba Brava,Nunca Se Acaba,ARF060603284,140,1994,3,26
asphodel,Tatami Construct,Hidden World,GBLV62124730,140,2016,4,6
B.O.T.A. (Baddest Of Them All) - Edit,Eliza Rose,B.O.T.A. (Baddest Of Them All),QZAKB2166405,140,2020,9,6
night train,Hevi,talking to myself,GBKQU2252388,141,1991,2,6
Gone Alone,softy,The Day I Passed,GBKQU2260603,141,2005,12,19
The autumn sea,eugenio izzi,Reflections in the moonlight,GBKQU2164136,141,2007,7,13
King,Pablo Bravas,King,DES232000100,142,1994,9,4
closed eyes,Jhove,falling dreams,GBKQU2117219,142,2007,11,16
Si Fuera Fácil,Grupo Marca Registrada,Si Fuera Fácil,USDXS2201491,142,2001,3,2
7 Suns,No Spirit,Between Worlds,GBKQU2278941,142,2006,12,6
Heart of the Sea,Charlee Nguyen,Amidst the Seven Seas,GBLV62119375,142,2004,2,27
Crawling,Linkin Park,Hybrid Theory (Bonus Edition),USWB10002405,143,2006,2,3
Flying Doodles,Chau Sara,Sleepless Night,GBKQU2242335,143,2014,6,14
Bomboro Quiñá Quiñá (with Rubén Albarrán) - En Vivo,La Sonora Santanera,La Sonora Santanera en Su 60 Aniversario,MXF011600062,143,2022,11,12
Lofi Lullaby,Mondo Loops,Forest Kingdom,GBKQU2273144,143,2018,11,11
Jurabas Tú,Los Auténticos Decadentes,Jurabas Tú,ARF472100125,143,1998,10,18
No Regrets,Thaehan,Hourglass,GBKQU2116287,144,2017,3,15
A Quiet Place,Prithvi,Timescapes : Longer Nights,GBKQU2222427,144,2016,9,22
Rituals,Living Room,Rituals,GBKQU2135959,144,2020,3,7
Awakening,DaniSogen,In Search of Peace,GBKQU2246773,144,2002,5,16
Acrylic Paint,HM Surf,Morning Coffee,GBKQU2237580,144,2021,3,10
Ojitos Lindos,Bad Bunny,Un Verano Sin Ti,QM6MZ2214888,144,2014,12,15
Afterlife,Nu Aspect,Afterlife,DES232200160,144,1990,5,13
Na Na Na (Dulce Niña),A.B. Quintanilla III Y Los Kumbia Kings,"A.B. Quintanilla III Presents Kumbia Kings Greatest Hits ""Album Versions""",USEL10400300,144,2001,6,13
Vibrant,Tibeauthetraveler,Barbados,GBKQU2265950,144,1995,1,19
Blinding Lights,The Weeknd,After Hours,USUG11904206,144,1990,7,14
Arizona Zero,WYS,Evermore,GBKQU2117841,145,1991,4,3
Soy Maraquero,Kual,Lo Mas Ka-Bron Sonidero,USJTQ1108788,145,2008,9,4
Sabes A Chocolate,Kumbia Kings,Sabes A Chocolate,USEL10400093,145,2001,2,20
Rumba Cha Cha,Grupo Kual?,Los Reyes de la Cumbia,USPR70402087,145,1995,12,9
Postcard,amies,Discoveries,GBKQU2225016,146,1992,7,11
Willpower,l'Outlander,Willpower,GBKQU2215548,146,2008,1,3
November Rain,Guns N' Roses,Use Your Illusion I,USGF19141510,146,2008,10,24
Jimmy Cooks (feat. 21 Savage),Drake,"Honestly, Nevermind",USUG12204897,146,1996,3,1
El Amor,"Tito ""El Bambino""",El Patrón,TCADT1884292,147,1991,9,14
Caile,Luar La L,L3tra,QMFMF2022336,147,2008,4,5
How I Feel,xander.,Forest Of Dreams,GBKQU2223259,148,2013,12,19
One Step Closer,Linkin Park,Hybrid Theory (Bonus Edition),USWB10002399,148,2022,6,15
Sonaja y Tambor,Los Yes Yes,Las Clásicas Olvidadas Con Los YES YES (Edición Especial Del 22 Aniversario),MX3191701286,148,2006,11,23
the stars outside my window,Jhove,new beginnings,GBLV62118092,148,1990,4,21
Fireflies,TyLuv.,River Glow,GBKQU2105917,148,1992,9,20
¡Ay! El Amor,Los Askis,Amor Andino,MXUM70803224,149,2021,5,7
Overthinking,yuma.,Overthinking,DES232200090,149,2018,10,21
Things In Between,Blue Wednesday,In My Head,GBLV62116232,149,2022,8,11
Morning Brew,Hevi,"Before It’s Late, Pt. 2",GBKQU2185231,149,2006,3,24
17 Años,Los Ángeles Azules,Singles,MXUM70801373,149,2022,9,4
LOKERA,Rauw Alejandro,LOKERA,USSD12200700,149,2019,6,1
Calidad,Grupo Firme,Calidad,QZDQH2257609,149,2022,9,25
No Me Arrepiento de Este Amor,Gilda,20 Grandes Exitos,ARF060902058,150,2011,5,10
Busyland,Loafy Building,Shelter,GBKQU2173491,150,2007,6,1
Dimes,less.people,Online Mall Music,TCAER2051021,150,2020,4,19
Im Fine,kyu,4 Am. Study Session,GBKQU2144247,150,1995,1,8
sanctuary,steezy prime,beyond the pines,GBKQU2163304,150,2011,11,22
28th Of May,Hoogway,Equation Of Time,GBKQU2278070,151,2014,9,13
Rain inside,Sátyr,Aiode,GBKQU2227578,151,2021,10,26
Warm Sleep,Tenno,The Inner Light,GBKQU2174460,151,1994,2,25
Old Dee,Mondo Loops,Forest Tales,GBKQU2180434,151,2020,8,12
Cumbia De La Alberca,Cumbias Sonideras,Mejor Que El Wepa,CA5KR1848117,151,2015,11,26
Adanel,DaniSogen,A World of Illusion,GBLV62109815,152,1990,9,11
Quiero Volar,Jorge Meza Y Su Tropi Colombia,25 Exitos De Oro,usx9p1204674,152,1992,4,28
En El Radio Un Cochinero,Victor Cibrian,En El Radio Un Cochinero,USDXS2201437,152,2012,5,4
Travelogue,Leavv,Cloud Shapes,GBKQU2190493,153,1990,8,13
Home,Bcalm,For You,GBKQU2211257,153,1998,8,8
Chérie,C4C,L'aventure EP,TCAEQ2060884,153,2008,12,29
Brooch,Osaki,Evergarden,GBKQU2266819,153,2006,5,11
Como Una Novela,Los Acosta,Íconos 25 Éxitos,MXUM70801335,153,2006,9,18
Mi Niña Mujer,Los Ángeles Azules,Singles,MXUM70801268,153,2020,1,27
Where Are You Now,Lost Frequencies,Where Are You Now,BEHP42100067,153,2005,12,25
Ojos Marrones,Lasso,Ojos Marrones,MXUM72200528,154,1998,1,9
Belly Dancer,Imanbek,Belly Dancer,NLZ542200165,155,2021,1,2
Sopa De Caracol,Banda Blanca,Sopa De Caracol,USJ3V1069242,155,2018,11,6
Sky Above,Sleepermane,Dreamtime,GBKQU2271657,155,2011,10,23
El Gigante De Hierro,Grupo Sonador,Lo Nuevo Y…Lo Mejor,QMHUY1452432,155,1996,12,2
Sternbilder,kyu,Dreamscapes,GBKQU2178890,155,2019,10,18
Californication,Red Hot Chili Peppers,Californication (Deluxe Edition),USWB19900690,155,2002,7,30
Opening,Hoogway,Equation Of Time,GBKQU2278079,155,1997,2,27
Manyoma,Fruko Y Sus Tesos,Fruko el Grande,COF019503591,156,2018,5,11
Vide,Ky akasha,Seeing Beauty in Everything,GBLV62102499,156,2007,12,18
Living Free,møndberg,Living Free,GBKQU2250508,156,1996,11,25
Gracias Amor,Matecana Orquesta,20 Años - Lo Mejor y Lo Nuevo,COFC11332135,156,2007,6,23
Our Hideaway,Elijah Lee,Escapade,GBLV62034578,156,1996,1,27
El Paso Del Gigante,Grupo Sonador,Los Reyes De Los Sonidos,QMHUY1453190,156,1999,1,27
intimate,Nvmb.,wilderness,GBKQU2137826,156,2005,7,2
Underwater,Harrison,Underwater,DES232200370,156,2019,12,2
Hiraeth,Bcalm,Feelings Pt.2,GBLV62129254,156,2014,6,13
Cachondea,Fruko Y Sus Tesos,14 Cañonazos Bailables 2001,COF012009080,157,2016,12,23
Blue Eyes,Jhove,Been Thinking,GBLV62033016,157,2008,1,10
Lo Siento BB:/ (with Bad Bunny & Julieta Venegas),Tainy,Lo Siento BB:/ (with Bad Bunny & Julieta Venegas),USA2P2135437,158,2008,4,15
Mirrors,No Spirit,Between Worlds,GBKQU2278939,158,1998,7,22
Rododendri,So.Lo,QuietPath,GBKQU2262869,158,1993,9,2
Dreamscape,Spencer Hunt,Sound Asleep,TCAEW2041553,158,2020,4,19
Cloudy Springs,Kainbeats,Finding Beauty,GBKQU2152080,158,2003,1,19
Thinking Back,Nothingtosay,Cold Thoughts,GBKQU2271266,158,2004,10,27
lakeside,hi jude,The Shallows,GBKQU2169275,159,2004,7,30
DESPECHÁ,ROSALÍA,DESPECHÁ,USSM12207207,159,2017,4,29
Before You Go,Jhove,Before You Go,TCAEU2021879,159,2002,7,13
Elsa,Los Destellos,"Para Todo el Mundo, Vol. 2",FRX761537008,159,2001,10,11
Hillside Tree,Kainbeats,Finding Beauty,GBKQU2152081,159,2011,8,19
Moments,Kurt Stewart,Pegan Hill,GBKQU2145616,160,2020,1,14
slow melt,tender spring,"Springtime, with friends",GBKQU2182848,160,2019,9,15
Times Are Changing,Astrality,Times Are Changing,DES232200290,160,2010,8,3
La Llevo Al Cielo (Ft. Ñengo Flow),Chris Jedi,La Llevo Al Cielo (Ft. Ñengo Flow),USUM72201829,160,2013,11,12
Smalltown Boy,Marcus Layton,Smalltown Boy,DES232200140,160,2014,6,14
Furry Love,Krynoze,Pawmises,GBKQU2271783,160,1994,11,5
Fields,iamalex,Silk,GBKQU2183402,161,2012,6,3
Calidad,Grupo Firme,Calidad,QZDQH2257609,161,1997,7,8
Tell Me,James Carter,Tell Me,DES232200050,161,2018,5,4
Pawmises,Krynoze,Pawmises,GBKQU2271786,161,2018,11,29
Bad Habit,Steve Lacy,Gemini Rights,USRC12201440,161,2001,3,8
Feel Your Body,Shift K3Y,Feel Your Body,DES232200380,161,2000,1,8
La Escandalosa,Bahia Libre,Quimica Sonidera,USJTQ1107864,162,2005,9,19
El Rescate,Grupo Marca Registrada,El Rescate,USDXS2202347,162,2004,2,26
After The Storm,WYS,The Way Back,GBKQU2188280,162,2019,6,3
No Te Voy A Perdonar,Grupo Cañaveral De Humberto Pabón,"No Te Voy A Perdonar, Volumen 4",MXF331110595,162,2007,6,7
Setting Sails,Sitting Duck,Wonderland Chapter 1,GBLV62005769,162,2013,9,23
Fake Lover,Raymix,Fake Lover,USUM71907877,162,1992,10,20
drunk waves,Bhxa,Ayla,GBKQU2201384,163,2010,9,8
Enbrujo De Cumbia,Bohio,Del Barrio Para El Barrio (Vol. 1),USKH40502225,163,2017,8,12
Lighthouse,HRRTZ,Lighthouse,DES232200230,163,2006,3,19
Comfort,Laffey,A Day At A Time,GBKQU2133455,163,2010,2,11
Andrea,Bad Bunny,Un Verano Sin Ti,QM6MZ2214893,164,1990,3,9
Shibui,Jhove,Soothing Breeze,GBKQU2189458,164,2018,10,9
Te Felicito,Shakira,Te Felicito,USQX92201764,164,2019,7,15
Tomorrows That Follow,ENRA,Tomorrows That Follow,TCAET2064640,164,1990,2,19
Te Vas a Arrepentir,La Nueva Luna,Los Más Queridos,ARG601012417,164,2009,1,28
Days of Roses,softy,The Day I Passed,GBKQU2260601,164,1990,8,23
"Quevedo: Bzrp Music Sessions, Vol. 52",Bizarrap,"Quevedo: Bzrp Music Sessions, Vol. 52",UYB282201028,165,1990,10,20
Reflection,Nothingtosay,Cold Thoughts,GBKQU2271265,165,2016,9,19
Feelin Warm,Pandrezz,Feelin Better,GBKQU2194074,165,1990,11,7
Edamame,Dontcry,Jiro Dreams,TCAEQ2084567,165,1994,10,29
Oye,La Sonora Dinamita,Dinamitazos Tropicales de Siempre,COF019300656,165,2003,1,25
Waiting,Blaise,Waiting,DES232200310,166,2018,2,20
El Embrujo,Aaron Y Su Grupo Ilusion,Embrujados De Amor Y Cumbia,MXUM70903479,166,2015,9,4
Sunroof,Nicky Youre,Sunroof,USQX92202129,166,2006,6,11
Blue Hour,Jisatsu,Morning Coffee,GBKQU2237587,166,2006,1,13
Tiburon,Proyecto Uno,1,US3Z41500515,166,2007,1,15
Forest Friends,Laffey,Belonging,GBKQU2197298,166,2019,11,23
Until The Morning Comes,softy,The Beauty Around Us,GBLV62026694,167,2022,8,18
Honey & Lemon,Lilac,2 Am. Study Session,TCAES2036517,167,1992,5,12
Llorar y Llorar - con Carin Leon,Mau y Ricky,Llorar y Llorar (con Carin Leon),USSD12200413,167,2008,7,15
The Isle,ticofaces,Lunar Isle,GBLV62120461,167,2012,6,19
Everlasting,Osaki,Evergarden,GBKQU2266818,168,1999,5,25
From My Window,Dr. Dundiff,Winter Love,GBKQU2111266,168,2020,2,5
Las Mujers No Se Acaban,Grupo Kual? Dinastia Pedraza Es Grupo Kein?,Para Que La Cuña Apriete,USAGX0501365,168,2000,11,10
Pink Venom,BLACKPINK,Pink Venom,KRA402200017,169,2003,1,23
Everything We Need,Hoogway,Moments To Keep,GBKQU2199713,169,1991,12,25
It's You,Bless You,It's You,DK4YA2286101,169,1990,8,21
HISTORY,Joel Corry,HISTORY,GBAHS2200992,169,2003,5,25
Someone I've Lost,Hoogway,Equation Of Time,GBKQU2278072,170,2007,4,15
choices,Towerz,A Bridge Between,GBKQU2111652,170,2001,12,21
Good Moments,ROW,Good Moments,DES232200080,170,2010,4,5
Siren,goosetaf,Latibule,GBKQU2100262,170,1999,10,12
Trapeaste conmigo,Grupo Mojado,Exitos de colección Vol. II,MXF169900142,170,1999,9,4
Dos Mil 16,Bad Bunny,Un Verano Sin Ti,QM6MZ2214889,170,2011,4,1
Me Haces Falta Tú,Los Ángeles Azules,Pachangón Sonidero,MXUM70801273,171,2004,10,15
Guarapera,Cumbia Benavides,Ta’ Bena,MX3191801594,171,1997,2,23
No More,Alexxi,No More,DES232100290,171,2005,8,31
La Kumbia del Wirito,Grupo Kual Dinastia Pedraza,Musika de Barrios,QM6N21867257,171,1995,5,21
Gritaría,Los Telez,Muévete,MX4971504302,171,2011,5,24
Bliss,Kinissue,Imperfect,GBKQU2232682,172,2009,9,29
Pink Venom,BLACKPINK,Pink Venom,KRA402200017,172,1998,1,30
MAMIII,Becky G,ESQUEMAS,USRC12200425,172,2003,10,23
Ya No Somos Ni Seremos,Christian Nodal,Ya No Somos Ni Seremos,MXF012200055,172,2002,9,5
siente más,Kevin Kaarl,Paris Texas,QZNWR2244068,172,2009,1,18
Mystic Mountain,Purrple Cat,Soothing Breeze,GBKQU2189459,172,2010,4,2
two moons,Bert,offline,GBKQU2168452,172,1998,11,14
Cold Heart - PNAU Remix,Elton John,The Lockdown Sessions,GBUM72104705,172,2010,5,18
El baile del gavilán,Chicos de Barrio,Dominando y Controlando,MXF160001102,173,1995,10,3
Another Love,Tom Odell,Long Way Down,GBARL1300107,173,2012,6,21
Old Friend,Phlocalyst,Relatives,GBKQU2111677,173,2018,5,13
Vibrant feelings,eugenio izzi,Necessary Changes,GBKQU2208638,173,1998,10,22
SNAP,Rosa Linn,SNAP PACK,USSM12207342,173,1999,2,2
Colapso,Kevin Kaarl,Hasta el Fin Del Mundo,QZDA71980570,173,2004,10,2
Wherever You Will Go,The Calling,Camino Palmero,USRC10001047,174,2016,3,18
Adiós Adiós,"Daniel, Me Estás Matando",Adiós Adiós,QZ5AB2030187,174,2003,8,18
El Verde De Tus Ojos,Los Yes Yes,Serie 20 Exitos Los Yes Yes,USA2P0708545,174,2012,8,2
Rehash,WYS,The Bad Party,GBKQU2170247,174,2000,3,5
Dreams We Shared,Jhove,Golden Hour,GBKQU2150383,174,2005,7,12
Ferrari,James Hype,Ferrari,GB3CE2200004,174,2007,9,3
Bulb,So.Lo,QuietPath,GBKQU2262867,174,2019,2,10
Igualito Es,Alma Corazón y Vida,Sonideras Peruanas: Cumbias & Guarachas Limpias,PEIFP2100300,175,1994,5,22
Muchachita Consentida,Rayito Colombiano,Cicatrices,MXUM70801969,175,2007,3,12
DESPECHÁ,ROSALÍA,DESPECHÁ,USSM12207207,175,1990,3,7
Agua de vida,Perla Colombiana,La Perla Colombiana 20 Exitos (Vol 1),MX3191200342,175,1996,11,9
Passing By,Casiio,Nomads,GBLV62110165,175,1993,2,17
The Path You Choose,BVG,Soothing Breeze,GBKQU2189467,175,1994,7,28
La Vida Es Un Carnaval,Celia Cruz,Exitos Eternos,USWWW0202664,175,1998,7,22
San Lucas,Kevin Kaarl,San Lucas,QZHN91944653,176,2000,1,4
Until I Found You,Stephen Sanchez,Easy On My Eyes,USUG12103651,176,2003,1,17
My Carousel,Tobtok,My Carousel,DES232100300,177,2014,8,27
convo,S N U G,Layover,GBLV62103179,178,1993,7,17
STAY (with Justin Bieber),The Kid LAROI,F*CK LOVE 3: OVER YOU,USSM12103949,178,2012,3,24
Left and Right (Feat. Jung Kook of BTS),Charlie Puth,Left and Right (Feat. Jung Kook of BTS),USAT22205563,178,2002,6,20
El Rescate,Grupo Marca Registrada,El Rescate,USDXS2202347,178,2011,7,19
Conversations in Reverse,cxlt.,A Moment Away,GBKQU2262873,178,2001,4,22
Orange Leaves,TABAL,Rainy Days,GBLV62116022,178,1992,3,5
I Thought We Were Friends,Yasumu,Creating Memories,GBKQU2178411,178,2020,1,28
Pendulum,juniorodeo,Kids,GBLV62106365,178,1991,12,12
a lonely star,Jhove,falling dreams,GBKQU2117216,179,1995,3,22
good friends,Tatami Construct,Hidden World,GBLV62124732,179,1996,4,29
Tití Me Preguntó,Bad Bunny,Un Verano Sin Ti,QM6MZ2214878,179,2011,7,23
Distant Memory,Dontcry,Time In Motion,GBKQU2106999,179,1993,2,5
No Te Pertenece,Grupo Klaz Y Keroz,Simplemente los Mejores Exitos,uscgh1422391,179,2019,1,11
El Ausente,Fruko Y Sus Tesos,"Fruko el Bueno ""ayunando""",COF019501517,179,2018,9,18
Through the Fire,PALASTIC,Through the Fire,DES232200240,179,2000,2,1
All I Want Is You,exclap,All I Want Is You,DES232100530,179,2000,8,5
Oye Traicionera,Tiberio Y Sus Gatos Negros,Las Puertas del Cielo,QM7281570369,180,2008,1,1
Hope,Sitting Duck,Wonderland Chapter II,GBKQU2137123,180,2007,4,13
Koshi,Living Room,Memories,GBKQU2254823,180,1998,2,18
Warm Updrafts,Kainbeats,A Walk Through the Sky,GBLV62121703,180,1996,1,14
Planet 9,No Spirit,Between Worlds,GBKQU2278936,180,2009,9,19
Backwards,Mujo,Better Days,GBKQU2191183,181,2013,12,10
Rip Kompen,HM Surf,Pool Days,GBLV62137834,181,1998,9,10
Beauty In All Forms,Hoogway,Beauty In All Forms,GBKQU2161383,181,2018,3,29
Sleeping In,Casiio,12 Am. Study Session,GBKQU2204516,182,2014,3,4
Kaigan,Raimu,Soothing Breeze,GBKQU2189456,182,2002,7,23
He Sentido Amor - Corazón Tun Tun,Grupo Los Kiero de Edgar Zacary,Sólo Éxitos,GBLFP1802053,182,1990,12,5
Overgrown Piano,Mondo Loops,Forest Kingdom,GBKQU2273145,182,1998,8,14
Lovesick,MAGNUS,Lovesick,DES232200340,183,2010,9,20
Siempre Pendientes,Peso Pluma,Siempre Pendientes,QM6P42200426,183,2005,12,15
"Don't Worry, I'll Always Be Here",tender spring,A Friendly Warmth,GBLV62025241,183,2018,6,16
Capsule,Kainbeats,Atlantis,GBKQU2209457,183,2017,6,22
Rent a Van,Tom Doolie,Land of Calm,GBKQU2111663,184,1997,5,16
i hope this never ends,Jhove,new beginnings,GBLV62118086,184,1995,9,24
Belmondo,So.Lo,QuietPath,GBKQU2262871,184,1994,2,24
Cumbia Sampuesana,Aniceto Molina,Puro Cumbion,USJ3V1350639,184,1997,7,7
Ojitos Lindos,Bad Bunny,Un Verano Sin Ti,QM6MZ2214888,185,1995,9,8
Gavarine Falls,no one's perfect,Discrete Landscapes,GBLV62132632,185,2003,12,26
Echarme Al Olvido,Grupo Cañaveral De Humberto Pabón,"Grupo Cañaveral, Vol. III",MXF331110556,185,1993,3,4
Cozy Home,Plant Guy,In Harmony With Nature,GBKQU2219763,185,1995,4,29
Give It To Me,Sigma,Hope,GBSXS2100112,185,1999,5,24
Broken Home,Papa Roach,Infest,USDW10021715,185,1999,12,2
Life Changing,Krynoze,Pawmises,GBKQU2271785,185,1994,9,7
Change of Heart,SOMMA,Change of Heart,DES232100600,185,2019,1,20
That Old Feeling,softy,The Day I Passed,GBKQU2260599,186,2022,5,23
Beyond The Dreams,Hevi,Before It’s Late,GBKQU2107942,186,2019,9,24
Oye Mujer,Raymix,Oye Mujer,TCACJ1579035,186,2010,5,11
Watching the Stars,Oatmello,Simple Things,GBKQU2180621,186,1996,8,12
Forever Changing,Laffey,Forever Changing,GBLV62030592,186,1997,9,14
Warm Colours,Osaki,Evergarden,GBKQU2266822,186,2013,7,26
Sleepin' warm,softy,The Day I Passed,GBKQU2260597,187,1991,4,9
PROVENZA,KAROL G,PROVENZA,USUM72205906,187,1993,11,4
Efecto,Bad Bunny,Un Verano Sin Ti,QM6MZ2214884,187,1998,11,24
Don't Let Go,Blue Wednesday,Lazy Sunday,TCAEZ2059142,187,1997,3,3
Amor Regresa Ya,Grupo Kual Dinastia Pedraza,Reevolucion,QM7281824826,187,1996,5,20
Heading Home,Celestial Alignment,Precious Moments,GBKQU2109836,187,2007,6,12
Frozen In Time,No Spirit,Between Worlds,GBKQU2278943,188,2007,2,4
In Place,noni,momentary,GBKQU2262852,188,2006,2,8
Almost Asleep,Lenny Loops,Tender Memories,GBKQU2121135,188,2022,6,13
Si Te La Encuentras Por Ahí,Feid,Si Te La Encuentras Por Ahí,USUM72214628,188,2012,9,21
Companion,Krynoze,Pawmises,GBKQU2271781,188,2013,9,4
Los Botones Azules,Junior H,Mi Vida En Un Cigarro 2,USWL12200130,189,2003,4,21
As It Was,Harry Styles,Harry's House,USSM12200612,189,2016,2,15
Siempre Pendientes,Peso Pluma,Siempre Pendientes,QM6P42200426,189,2013,9,12
Beacon,Mavine,Inference,GBKQU2184374,189,2009,5,12
Better Days,Purrple Cat,Distant Worlds II,GBKQU2212295,189,2013,3,8
Bunnies,Dontcry,Odyssey,TCAEW2008035,189,2003,8,25
Anywhere Else,Project AER,Journals,GBLV62113813,189,1994,11,24
Mi Cucu,La Sonora Dinamita,Exitos Tropicosos,COF019500614,189,2008,2,16
Las Amo a Las Dos,Cumbias Poblanas,Cumbia Pa' seguir Bailando,TCACW1741948,189,2015,10,12
Bones,Imagine Dragons,Mercury - Acts 1 & 2,USUM72201759,190,2013,3,21
Drift,Hevi,"Before It’s Late, Pt. 2",GBKQU2185239,190,2022,4,3
Mind Over Matter,Project AER,Growth Patterns,GBKQU2119503,190,2001,2,15
Al Despertar,Rayito Colombiano,Qué Cante El Amor,MXUM70801974,190,2016,6,9
Coral,iamalex,Beginnings,GBKQU2088593,190,2015,11,14
Rumba Frenesi,Grupo Kual?,Los Reyes de la Cumbia Sonidera (En México),USAGX0508815,190,1995,5,13
Timeless,Loafy Building,High Flying,GBKQU2154705,191,2011,4,23
Stars on the Roof,Chau Sara,Time Travel,GBLV62115444,191,2006,8,19
La Cumbia De La Cerveza,Grupo Sonador,Lo Nuevo Y…Lo Mejor,QMHUY1452442,192,2019,1,28
La Bachata,Manuel Turizo,La Bachata,QZDYA1800087,192,1993,2,11
Ojos Marrones,Lasso,Ojos Marrones,MXUM72200528,192,2017,7,10
Coming Home,Elijah Lee,Vanishing Journey,GBKQU2153598,192,2018,12,15
Hot In It,Tiësto,Hot In It,CYA112001102,193,1995,9,26
alone in the void,j'san,outer space,GBKQU2101034,193,2017,4,22
JGL,La Adictiva Banda San José de Mesillas,JGL,MXA411400136,193,2010,2,1
Come Down,VLLN,Come Down,DES232200110,194,2018,12,15
Espero Que Te Acuerdes de Mi,Agrupación Cariño,Sólo Éxitos,US7VG1692918,194,1990,1,1
Found You,Hoogway,Equation Of Time,GBKQU2278071,194,1995,12,3
"Vete al Infierno ""Solito""",Claudío Morán y Los Universales,Sonideras Peruanas: Cumbias & Guarachas Limpias,PEIF21703158,195,2010,11,16
Restless Heart,Krynoze,Tomorrow Comes,GBKQU2202481,195,1993,3,25
My Way,Limp Bizkit,Chocolate Starfish And The Hot Dog Flavored Water,USIR10001177,195,2018,5,8
La Barca,Grupo Maravilla,12 de Diciembre,USKH40500198,196,2006,1,11
Last Resort,Papa Roach,Infest,USDW10021712,196,1994,10,22
LOKERA,Rauw Alejandro,LOKERA,USSD12200700,196,1992,6,20
Voyager,dryhope,4 Am. Study Session,GBKQU2144255,196,2006,2,13
Cómo Estás Tú,Liberación,Con La Fuerza Del Destino,MXUM70801263,196,2008,10,23
Dancing in the Dark,Mondo Loops,Nature’s Beauty,GBKQU2229365,196,2021,6,12
El Botecito,Los Hijos Del Pueblo,El Botecito,MX1770900026,196,2013,4,16
Find Your Path,amies,After All,GBKQU2256287,196,2019,5,15
La Noche de Setiembre,Centeno,Sonideras Peruanas: Cumbias & Guarachas Limpias,PEIFP2100302,197,2020,5,1
Cumbia poder,Celso Piña,Barrio Bravo,MXF160001121,197,2011,4,28
Se Me Perdio La Cadenita,La Sonora Dinamita,Paradas Continuas,MX1900900135,197,2007,1,8
Wildflower,Blue Wednesday,After Hours,GBKQU2124156,198,2015,1,9
La Diosa Del Oriente,Los Orientales de Paramonga,Sonideras Peruanas: Cumbias & Guarachas Limpias,QMFME2135529,198,1991,9,15
February,Jay-Lounge,2 Am. Study Session,TCAES2036559,198,2011,12,7
You've Forgotten How,Ky akasha,Memory Within A Dream,GBLV62041806,198,2000,4,25
Hold Me Closer,Elton John,Hold Me Closer,GBUM72205030,198,2003,10,2
In The End,Ky akasha,Memory Within A Dream,GBLV62041799,198,2018,7,20
Perfect,Simple Plan,"No Pads, No Helmets...Just Balls (15th Anniversary Tour Edition)",USAT20200143,199,2003,11,18
In the End,Linkin Park,Hybrid Theory (Bonus Edition),USWB10002407,199,2021,5,24
El Baile De San Juan,Grupo La Chomba,Con Musica Del Barrio y Para El Barrio,CA5KR1566242,199,1991,12,29
Side Of Me,Matt Wolff,Side Of Me,DK4YA2275901,200,1996,6,5
Warm Summer,xander.,Daydreaming,GBKQU2161431,201,2021,3,30
Desert Winds,Mondo Loops,Forest Kingdom,GBKQU2273143,201,2002,8,24
Boiler,Limp Bizkit,Chocolate Starfish And The Hot Dog Flavored Water,USUM71509903,202,2018,9,28
Otro Atardecer,Bad Bunny,Un Verano Sin Ti,QM6MZ2214891,202,2018,10,25
Won't Forget You - Edit,Shouse,Won't Forget You,USA2P2201279,202,2005,8,25
beige palette,Blurred Figures,finding comfort,GBKQU2198416,202,2021,9,29
Field Guide,Ornithology,Ornithology,GBLV62108145,202,2006,12,23
Ghost,Justin Bieber,Justice,USUM72102635,203,2012,11,20
working late,Goodnyght,Sleep Cycles EP,GBKQU2166808,203,2019,1,1
Lost,Nothingtosay,Cold Thoughts,GBKQU2271262,203,1997,4,23
PROVENZA,KAROL G,PROVENZA,USUM72205906,203,2001,1,5
The Reason,Hoobastank,The Reason,USIR20300704,203,2018,1,22
By the Way,Red Hot Chili Peppers,By the Way (Deluxe Edition),USWB10201688,204,2006,7,5
Homecoming,Krynoze,A World After,GBLV62103204,204,2019,3,5
Nostalgia,Mujo,Nostalgia,GBLV62041095,204,2020,4,25
riverwalk,Spencer Hunt,Windy City,GBLV62114737,204,2020,2,22
Get Back Home,Nuver,Kalopsia,GBLV62136431,205,2009,11,13
Equinox,S N U G,Quietude,GBKQU2183089,205,2008,4,3
Chica Atrevida,Los Ángeles Azules,Alas Al Mundo,MXUM70801361,205,2011,5,29
Overgrown,Raimu,Sons of the Dew,GBKQU2141255,205,1992,3,17
Luthien's Song,Mondo Loops,Forest Kingdom,GBKQU2273140,206,1998,12,5
No Es Por Acá,Carin Leon,No Es Por Acá,QZQMB2102485,206,2018,6,7
Silhouettes,softy,Another Life,GBKQU2232196,206,2000,12,29
soul searching,Tibeauthetraveler,Distance Love,GBKQU2185860,206,1993,4,6
Una Ráfaga de Amor,Rafaga,Lo mejor de Ráfaga,ARF060500240,206,1993,9,10
El Diario De Un Borracho,Aniceto Molina,El Condor Legendario,USZUP1011664,206,1998,5,18
Planet Earth,Hoogway,Equation Of Time,GBKQU2278076,206,2002,10,23
Party,Bad Bunny,Un Verano Sin Ti,QM6MZ2214885,207,1996,7,21
El Nido,La Sonora Santanera,"Serie de Colección 15 Auténticos Éxitos Sonora Santanera, Vol. 2",MXF145000017,207,2011,4,21
Vuela Mariposa,Grupo Maravilla,Lo Nuevo y Lo Mejor,USKH40500056,207,1996,1,30
Neverita,Bad Bunny,Un Verano Sin Ti,QM6MZ2214882,208,2008,2,2
Winter Love,Dr. Dundiff,Winter Love,GBKQU2111262,208,2009,12,30
Kiss Me,iamalex,Silk,GBKQU2183400,208,2013,1,30
cómo dormiste?,Rels B,cómo dormiste?,UYB282276000,208,2016,7,13
Mary On A Cross,Ghost,Seven Inches Of Satanic Panic,USC4R1902750,209,2008,6,29
Slow Ride,softy,Distant Images,GBKQU2134042,209,2001,6,2
Hearts,Towerz,Until Tomorrow,GBLV62021259,209,2003,4,16
Los Luchadores,Conjunto Africa,Exitos del Conjunto Africa,QM7281549793,209,2009,12,6
Nighttide,amies,Nocturne,GBKQU2171103,209,2001,8,4
Corazón Enamorado,Super Grupo Colombia,Super Grupo Colombia,MXF550513626,209,2013,7,9
El Hijo Mayor,Junior H,El Hijo Mayor,USWL12200441,210,1990,5,20
Running Up That Hill (A Deal With God),Kate Bush,Hounds Of Love,GBCNR8500002,210,2006,1,7
cómo dormiste?,Rels B,cómo dormiste?,UYB282276000,210,1997,2,13
Harder We Fall,SOMMA,Harder We Fall,DES232200320,210,1993,8,14
Mayonesa,Chocolate,2000 Grandes Exitos,UYM120000401,210,2014,11,13
Escándalo,La Sonora Dinamita,Cumbiando,MXUM71501801,210,2002,6,29
I Don't Wanna Know,SOMMA,I Don't Wanna Know,DES232000220,211,1998,9,25
In The Zone,No Spirit,Between Worlds,GBKQU2278935,211,2009,9,2
Drift Away,Yasumu,Creating Memories,GBKQU2178406,211,2020,10,8
To the Moon,DLJ,Time Capsule,GBKQU2171093,211,2014,8,10
I'm Good (Blue),David Guetta,I'm Good (Blue),UKWLG2200055,211,2008,8,26
Amor a Primera Vista,Los Ángeles Azules,Amor a Primera Vista,MX1721901080,212,1991,10,18
Los Caminos De La Vida,La Tropa Vallenata,Los Caminos De La Vida,MXUM70801653,212,1993,12,2
rose's plaid,Mau,Les jours d’après,GBKQU2276647,212,2017,1,6
Gavilán O Paloma,Grupo Cañaveral De Humberto Pabón,Disco Cumbia México (2),MXUM61300031,212,2014,9,12
Bonita Pero Mentirosa,Alfredo Lopez La Voz de Puebla,Desde Que Llegaste,QM6DC1730030,212,2001,7,18
Place I've Never Been Before,DaniSogen,Enchantments,GBKQU2175198,212,2016,4,11
Ice & Cold,Tom Enzy,Ice & Cold,DES232100220,212,2000,10,2
Winds On Mars,No Spirit,Between Worlds,GBKQU2278938,213,2020,5,7
Silk,goosetaf,Latibule,GBKQU2100257,213,2007,10,3
The Seeker,Tenno,The Prophecy,GBLV62028849,213,2016,10,23
Corazón Solitario,Alberto Pedraza,Guarachando,USDHM1724795,213,2002,6,20
Papercut,Linkin Park,Hybrid Theory (Bonus Edition),USWB10002403,214,2017,8,19
Súbale Hay Lugares,El Chevo,Súbale Hay Lugares,TCACI1597684,214,1992,6,9
Ashcombe,Loafy Building,Maru,GBKQU2275079,214,1991,6,21
Lauren (I Can't Stay Forever),Oden & Fatzo,Lauren (I Can't Stay Forever),DEE862102011,214,2021,7,26
El Hombre Es Como El Oso,azul azul,Apretaito,USUL10300814,214,1999,1,9
How Do I Sleep Now,Dallerium,How Do I Sleep Now,DES232100340,214,2003,9,10
Fireflies,Kanisan,3 Am. Study Session,GBKQU2094057,214,2006,9,19
Had Abbadon,Chau Sara,Lightsaber Bar,GBKQU2213249,215,1999,3,24
San Francisco,WYS,Cozy Winter,GBKQU2101976,215,1990,2,22
Dots,Blue Wednesday,After Hours,GBKQU2124155,215,1992,8,24
Three of Us,Team Astro,Three of Us,GBKQU2217527,215,2000,10,1
La Parabólica,La Sonora Dinamita,Colección Oro la Sonora Dinamita (Vol. 8),COF019000076,215,1998,11,8
Silhouettes,Tibeauthetraveler,Leaving This Place,GBLV62131250,215,1995,8,27
Estoy Saliendo Con un Chabon,Los Sultanes,Grandes Exitos,US7VG1331529,215,1993,4,26
Watch,Able,Watch,DES232200430,216,1996,7,14
Tus Jefes No Me Quieren,Grupo Ensamble,Tus Jefes No Me Quieren,ushm81869569,216,2017,7,3
La Bachata,Manuel Turizo,La Bachata,QZDYA1800087,216,1997,11,22
Brighter Days,Amess,Are we okay?,GBKQU2205701,217,2011,5,29
Light A Fire,C4C,The Pursuit of Simplicity EP,GBKQU2103338,217,2022,9,28
Tauri,DaniSogen,The Magic Unfolds,GBKQU2218078,217,2016,2,21
Warm Country,l'Outlander,One Way Ticket,GBKQU2192478,217,2022,1,24
I Need It,ØGM,I Need It,DES232200060,217,1997,7,2
Sleepless,AVAION,Sleepless,DES232200260,217,2008,3,15
Hoy Tengo Ganas De Ti,Wence Y Su Grupo,20 Cumbias Con Amor,CA5KR1835483,218,1993,10,15
Slept Alone,Towerz,Morning Coffee,GBKQU2237583,218,1992,8,4
Brothers,l'Outlander,Willpower,GBKQU2215551,218,2014,7,21
Visions In The Swamp,Mondo Loops,Forest Kingdom,GBKQU2273142,218,2002,2,9
Mami,Los Master Plus,Puro Cumbión Legendario,MX3741801304,218,2021,4,23
Sweet Dreams,Marcus Layton,Sweet Dreams,DES232000210,218,2008,5,26
Ojitos Mentirosos,Tropicalísimo Apache,21 Black Jack (Nueva Edición Remasterizada),MXF119902515,218,2003,2,17
La Monjita Voladora - Cumbia Sonidera,Grupo Toca Recio,La Monjita Voladora - Cumbia Sonidera,TCAEL1932106,218,2000,9,25
After The Rain,Laffey,After The Rain,GBLV62109049,219,2007,6,23
La Boda Del Huitlacoche - Live,Carin Leon,Borrachera Con Los Honorables (Live),ESA011782921,219,1991,6,17
Another Era,S N U G,Purple Skies,GBKQU2164944,219,1992,10,17
Cumbia del Monte,Pedro Laza,Cumbias y Gaitas Famosas de Colombia (Vol. 2),COF016300252,219,2016,11,9
Homage,Phlocalyst,Relatives,GBKQU2111674,219,2015,9,29
Glimpse of Us,Joji,Glimpse of Us,USWB12201789,220,2016,11,17
La Ruana Exito Siboney,Los Wawanco,La Ruana Exito Siboney,TCADS1894518,220,2013,3,17
Nos Comemos Vivos,Maluma,Nos Comemos Vivos,USSD12200205,220,2013,4,14
JGL,La Adictiva Banda San José de Mesillas,JGL,MXA411400136,221,2011,9,6
Una Cerveza,Rafaga,Una Cerveza,ARU021600000,221,2009,5,20
Quedate Con Él,Grupo Jalado,Que Te Vaya Bien,ushm81761451,221,2009,12,26
Oasis De Amor,Simba Musical,Cumbias Bailables,USN631100369,222,2018,3,29
Pink Venom,BLACKPINK,Pink Venom,KRA402200017,222,2003,5,19
Neverita,Bad Bunny,Un Verano Sin Ti,QM6MZ2214882,222,2003,4,5
Moscow Mule,Bad Bunny,Un Verano Sin Ti,QM6MZ2214875,222,2011,3,1
"7am, This Morning",softy,The Day I Passed,GBKQU2260594,222,1999,1,1
About Damn Time,Lizzo,Special,USAT22203704,223,1995,4,13
Que Te Vaya Bien,Julión Álvarez y su Norteño Banda,Que Te Vaya Bien,QZ7HP1800030,223,1993,1,2
Together,Laffey,A Day At A Time,GBKQU2133451,223,2004,9,21
Allegory,Goson,Dreams of Angels,GBKQU2253341,223,2019,7,21
Higher Calling,l'Outlander,Homeland,GBKQU2131352,223,2017,9,28
Deep Down (feat. Never Dull),Alok,Deep Down (feat. Never Dull),DEE862200810,223,2000,1,21
Under The Influence,Chris Brown,Indigo (Extended),USRC11902743,224,2017,5,28
Do It Better (feat. Zoe Wees),Felix Jaehn,Do It Better (feat. Zoe Wees),DEUM72202588,224,2001,4,3
Dysomnia,trxxshed,Retro Colors,GBKQU2134872,224,1998,2,25
Strings Attached,Nu Aspect,Strings Attached,DES232200330,224,2020,5,21
Mirrors of Our Sky,Elijah Lee,My Memoir,GBKQU2206110,224,2007,9,3
Eternity,Hoogway,Equation Of Time,GBKQU2278075,225,1994,5,27
Bam Bam (feat. Ed Sheeran),Camila Cabello,Familia,USSM12200047,225,1994,11,6
We Met,Yasumu,Until Forever,GBLV62016268,225,1990,4,19
Maru,Loafy Building,Maru,GBKQU2275077,225,2006,8,25
Get Down Saturday Night,Gorgon Breath,Get Down Saturday Night,DES232100630,225,2022,7,2
Green Fields,Hoogway,Thin Lines,GBLV62137518,225,2008,9,22
Heal Me - Biscits Remix,FARR,Heal Me,ZZOPM2003271,226,2000,9,23
Saudade,Hoogway,Alley Of Trees,GBKQU2186442,226,2016,11,4
Winds of Change,Nogymx,Mirage of the Mind,GBKQU2210850,226,1998,4,16
Troubles,SOMMA,Troubles,DES232100330,226,2003,4,4
Holding On,WILL K,Holding On,DES232200040,227,2018,7,27
La Boda Del Huitlacoche - Live,Carin Leon,Borrachera Con Los Honorables (Live),ESA011782921,227,2017,7,20
Yesterday,Kayba,Explore,GBLV62119349,227,2009,4,8
Satellite Nights,drkmnd,Satellite Nights,TCAEP2080698,227,2010,1,30
Floating,H.1,Indigo Night,GBLV62124627,227,2016,1,26
Bad Decisions (with BTS & Snoop Dogg),benny blanco,Bad Decisions (with BTS & Snoop Dogg),USUM72210832,228,2016,6,25
ULTRA SOLO,Polimá Westcoast,ULTRA SOLO,CLPP22200004,228,2017,8,13
Sun Dog,Ambulo,Polar,GBKQU2120427,228,2022,10,8
Everything Went Quiet,cxlt.,4 Am. Study Session,GBKQU2144260,228,2011,8,26
Amor De Amores,Los Ángeles Azules,Visión 20.20 Éxitos,MXUM70900864,229,2021,3,10
ayla,Bhxa,Ayla,GBKQU2201378,229,2018,11,2
Sail,GlobulDub,Blue Woods,GBKQU2109506,229,2000,6,23
La Inconforme,Grupo G,Las Mejores Cumbias Sonideras,USALH0500269,229,2010,9,15
Fever,SOMMA,Fever,DES232100130,229,2010,6,27
When I'm Gone,Hevi,When I’m Gone,GBLV62101746,229,2010,8,3
Sergio el Bailador,Bronco,Sergio El Bailador,MXF010000817,229,1999,1,31
Muñeca Esquiva,Los Dinamiteros de Colombia,Sabor A Cumbia,MXF550800276,230,1990,7,29
snowfall,Blurred Figures,finding comfort,GBKQU2198413,230,2018,5,22
Rays Of Light,cxlt.,A Moment Away,GBKQU2262878,230,2012,10,28
Expressive Emotions,Krynoze,Pawmises,GBKQU2271782,230,1995,10,11
Too Tired,Purrple Cat,Distant Worlds,GBLV62037943,230,1993,6,19
Fancy Brew,HM Surf,12 Am. Study Session,GBKQU2204517,230,2009,5,12
Problems,Alex Adair,Problems,GB2DY2200116,230,2009,9,2
Massive,Drake,"Honestly, Nevermind",USUG12204890,231,2011,4,9
El Venao,Los Cantantes,El Virao,DOA111500031,231,2003,10,29
First Snow,Chris Mazuera,Perspective,TCAEQ2084513,232,2012,12,9
Ballads,ENRA,Blue Hour,GBKQU2196237,232,2002,11,29
Amor Prohibido,Selena,Amor Prohibido,USEL19400011,232,1996,3,12
Raindance,Sleepermane,Sleepless Night,GBKQU2242336,232,2020,7,14
On My Own,Nokiaa,Perspectives,GBKQU2166802,232,1996,12,23
Chale,Eden Muñoz,Chale,MXB952200017,233,2002,1,15
El Afilador,Grupo Carabo,Yo Sé Que Te Acordarás Sonidero (20 Temas Originales),MXUM71400169,233,2018,1,28
My Sacrifice,Creed,Weathered,USWU30107501,234,2017,12,15
Ethereal,Hevi,When I’m Gone,GBLV62101743,234,1991,11,12
Whispering,Living Room,After The Rainbow,GBLV62129252,234,2013,9,25
Mil Horas,La Sonora Dinamita,"Greatest Cumbia Classics Of Colombia, Vol. 2",COF019500361,234,2021,4,7
"Pensando en Ti ""La Salsa Rockanrolera""",Popy y Sus Pirañas,Sonideras Peruanas: Cumbias & Guarachas Limpias,PEIFP2100305,234,2005,7,7
It's Alright To Feel Afraid,tender spring,A Friendly Warmth,GBLV62025237,234,1993,3,23
La Ladrona,Grupo Cañaveral De Humberto Pabón,Disco Cumbia México (2),MXUM61300030,234,1990,5,25
Big Eyes,Krynoze,Pawmises,GBKQU2271780,235,1992,11,2
Bitter Heart,THRDL!FE,Bitter Heart,DES232200100,235,2011,12,4
Hidden Clouds,TABAL,Last Light,GBKQU2121774,235,2002,5,20
Spheres,Casiio,Nomads,GBLV62110162,235,2001,4,5
After Dark,S N U G,Nightfall,GBKQU2111746,235,2018,8,24
Holy Cloud,Tonion,Stories of Synergy,GBKQU2255693,235,2005,4,1
Waterfall,BVG,Soothing Breeze,GBKQU2189470,235,2018,6,15
Dreaming of Snow,Otaam,Cozy Winter,GBKQU2101984,235,2013,4,19
Smoke Rings,No Spirit,Between Worlds,GBKQU2278937,236,2011,2,20
Space 420,Chau Sara,Lightsaber Bar,GBKQU2213245,236,2009,9,21
Amor Regresa,Los Askis,Pasión Y Cumbia,MXUM70803053,236,1995,6,6
Waiting For A Sign,softy,Another Life,GBKQU2232197,236,1996,1,20
Citylights,cxlt.,A Moment Away,GBKQU2262876,236,2011,3,9
cómo dormiste?,Rels B,cómo dormiste?,UYB282276000,237,2003,3,8
Let Me Get You A Glass,Celestial Alignment,Precious Moments,GBKQU2109839,238,2007,10,10
Dreamtime,Sleepermane,Dreamtime,GBKQU2271652,238,2018,12,1
Stellar Wind,Ky akasha,Seeing Beauty in Everything,GBLV62102497,238,2020,12,1
Formless,Kainbeats,Cozy Winter,GBKQU2101990,238,2005,8,3
La Danza de los Mirlos (Cumbia de los Pajaritos),Los Mirlos,Cumbia Amazonica,PEIF21101002,238,2020,8,6
Chop Suey!,System Of A Down,Toxicity,USSM10107256,239,2008,5,23
"Llorando Se Fue ""Lambada""",Cuarteto Continental de Alberto Maraví,El Auténtico e Imbatible,PEIF21102002,239,2006,6,3
Flowery,TABAL,Riverside Sunset,GBKQU2264069,239,1997,12,2
Favorite Band,Hoogway,Thin Lines,GBLV62137512,239,2013,2,1
After You,Hoogway,Cozy Winter,GBKQU2101966,239,2016,6,5
Solemn,Towerz,Solemn,GBKQU2221366,239,2006,4,25
I'll Meet You At The Station,Louk,Can We Talk,GBKQU2140168,240,1990,1,1
GATÚBELA,KAROL G,GATÚBELA,USUM72216070,240,2002,10,25
For The Roses,Hoogway,Beauty In All Forms,GBKQU2161397,240,2007,1,1
GATÚBELA,KAROL G,GATÚBELA,USUM72216070,240,2003,12,15
La Negra Tiene Tumbao,Celia Cruz,La Reina Y Sus Amigos,NLB630100221,240,2020,6,16
Cumbia De Los Monjes,Super Grupo G,Gran Encuentro,MXUM71400479,240,2017,10,14
Melted Away,softy,The Day I Passed,GBKQU2260600,241,2014,6,7
Ángel Malvado,Raymix,Oye Mujer,TCADC1712911,241,1990,3,17
Ultima Ola,Hoogway,Equation Of Time,GBKQU2278080,241,2002,9,19
Mi Cantar,Los Ángeles Azules,Pachangón Sonidero,MXUM70801356,241,1993,1,27
Die For You,The Weeknd,Starboy,USUG11600995,242,2022,9,7
Closer To You,Lucas Nord,Closer To You,DES232200400,242,1995,3,20
Memories We Made,No Spirit,Memories We Made,GBKQU2090845,242,1992,5,24
Stargazing,kyu,Dreamscapes,GBKQU2178886,242,2005,8,15
Chinito Rulo,Los Mirlos,Chinito Rulo,ES71G2001491,242,2010,12,15
Que nadie sepa mi sufrir (Amor de mis amores),Margarita la diosa de la cumbia,30 Aniversario,MXF160101823,242,1993,4,22
Sincere,Tom Doolie,Land of Calm,GBKQU2111668,242,2010,6,1
My Love (feat. Jess Glynne),Route 94,My Love (feat. Jess Glynne),GBQGW1300182,243,2001,6,15
Opulence,Loafy Building,Maru,GBKQU2275082,244,2003,10,3
when i close my eyes,Jhove,dream tapes,GBKQU2176911,244,1990,8,12
¿Y Qué Tal Si Funciona?,Yuridia,¿Y Qué Tal Si Funciona?,MXF012200203,245,2002,12,19
Sleepy Melly,HM Surf,12 Am. Study Session,GBKQU2204507,245,2007,11,19
Patience,Arbour,4 Am. Study Session,GBKQU2144263,245,1998,9,18
Loco Loquito,Grupo Sonador,Serie 20 Exitos,QMHUY1751826,246,1993,9,22
Kukui Leaves,Phlocalyst,Roadwalks,GBLV62122216,246,2017,9,13
Sleepmodee,Living Room,Rituals,GBKQU2135966,246,2016,2,27
Dreamlands,Yasumu,Mirror of Time,GBKQU2148377,246,1991,4,23
Vienes y Te Vas,Los Askis,Con la Fuerza de un Volcán,MXD781806108,247,2020,1,14
La Bachata,Manuel Turizo,La Bachata,QZDYA1800087,247,1996,7,5
Si Fuera Fácil,Grupo Marca Registrada,Si Fuera Fácil,USDXS2201491,247,1990,9,18
Savoured Breath,Mondo Loops,Forest Kingdom,GBKQU2273139,247,2020,9,23
Cumbia sobre el río / Interludio,Celso Piña,Barrio Bravo,MXF160001112,247,2013,5,12
Golden Hour,Jhove,Golden Hour,GBKQU2150387,247,1996,10,1
Outcast,Kainbeats,Angelic,GBLV62039341,247,2005,9,5
Shipwreck,Kinissue,Sea Beams,GBKQU2172114,247,2001,5,27
Moment - Mahmut Orhan Remix,PaulWetz,Moment (Mahmut Orhan Remix),DES232200350,247,2000,1,16
Sweater Weather,The Neighbourhood,I Love You.,USSM11300080,248,2019,10,18
Neverita,Bad Bunny,Un Verano Sin Ti,QM6MZ2214882,248,2019,2,23
Honour,Nuver,Kalopsia,GBLV62136429,248,2022,5,15
El Gran Varon,Willie Colón,Willie Colon - Greatest Hits,USDBB0600751,248,2010,12,29
Pega la vuelta,Daniel Agostini,La historia del Grupo Sombras - 18 temas completos,ARG991010221,249,2020,6,13
Nunca Es Suficiente,Los Ángeles Azules,Esto Sí Es Cumbia,MX1721600892,249,2008,6,15
Soft to Touch,Kupla,Life Forms,TCAEZ2059169,249,1991,12,17
A Letter For You,Osaki,Evergarden,GBKQU2266820,249,2022,11,17
Kuñao,Tropikal Forever,Chunchaka en Tu Idioma,QZDA71962249,249,1994,1,29
New Paths,Ayzic,Sleepless Night,GBKQU2242334,249,1991,1,12
HighLife,HotLap,HighLife,DES232200390,249,2007,11,16
Touch,Kideko,Touch,DES232200220,250,1992,7,16
a sign from her,Mau,Les jours d’après,GBKQU2276645,250,2016,9,26
Morning Dew,Mondo Loops,12 Am. Study Session,GBKQU2204509,250,2018,2,3
Wavelength,softy,Shifting Past,GBKQU2176091,250,2017,4,17
"Villano Antillano: Bzrp Music Sessions, Vol. 51",Bizarrap,"Villano Antillano: Bzrp Music Sessions, Vol. 51",UYB282201027,250,2007,9,30
El Listón De Tu Pelo,Los Ángeles Azules,Singles,MXUM70801265,250,2009,2,20
The Road Goes Even On,Mondo Loops,Forest Kingdom,GBKQU2273141,250,2006,11,10
Scar Tissue,Red Hot Chili Peppers,Californication (Deluxe Edition),USWB19900674,252,2005,4,3
Birth Of A Cloud,Dimension 32,Aeolia,GBKQU2225003,252,2001,10,23
Mean to Me,yuma.,Mean to Me,DES232100170,252,2013,6,11
Mentirosa,Rafaga,Imparables,ARF060500251,252,1994,3,17
Desesperados,Rauw Alejandro,VICE VERSA,USSD12100779,253,2004,3,6
Soft to Touch,Kupla,Lazy Sunday,TCAEZ2059169,253,2008,5,6
Juana La Cubana,Fito Olivares y Su Grupo,"Grandes Exitos ""Reinas Y Brujas""",USBAE1203152,253,1993,8,7
Que Bello,Sonora Tropicana,Lo Mejor De La Sonora Tropicana - Vol. II,USMP69561594,253,2018,2,17
Nunca me Faltes,Antonio Rios,El Maestro,ARF060601115,254,2002,10,29
Ancient Map,Mondo Loops,Forest Kingdom,GBKQU2273137,254,1991,2,6
outer space,j'san,outer space,GBKQU2101033,254,2022,11,2
Leaving Earth,Hoffy Beats,12 Am. Study Session,GBKQU2204504,254,2010,7,12
Walking Together,Mindeliq,New Horizons,GBLV62120444,255,2002,7,24
Me Vas A Recordar,Los Angeles De Charly,La Magia Del Amor,USFI29901106,255,1998,1,24
lazy river,hi jude,Sun Swells,GBLV62106925,256,2010,8,7
XT4S1S,Danna Paola,XT4S1S,MXUM72201003,257,2011,5,28
Almost Dreaming,Enluv,Cloud Studies,GBKQU2142816,257,2012,10,12
Wishing Well,Kaspa.,The Story,GBKQU2161357,257,2006,11,21
La Rumba Quimbumba,Grupo Kual? Dinastia Pedraza Es Grupo Kein?,Para Que La Cuña Apriete,USAGX0501363,257,2000,11,20
Sweet Child O' Mine,Guns N' Roses,Appetite For Destruction,USGF18714809,258,1991,5,13
Floating Clouds,Osaki,Evergarden,GBKQU2266817,258,2018,1,3
Gliding,Mondo Loops,Midnight Gazing,GBKQU2111733,258,2017,6,16
Existe Un Corazón,Los Ángeles Azules,Alas Al Mundo,MXUM71000601,258,2005,11,12
Beyond The Boundary,Osaki,Rooftop Memories,GBLV62130821,258,2000,4,5
Back To You,LANNÉ,Back To You,DEPI82214298,258,1993,8,23
Cuddlin,Pandrezz,1 Am. Study Session,TCAEN1970826,258,2020,9,9
Agüita,Rafaga,Megamix,ARF060801271,258,2017,10,12
Soaring,Elior,Cozy Winter,GBKQU2101973,258,1996,7,7
The Dawn,Nothingtosay,Cold Thoughts,GBKQU2271263,259,1995,10,18
Here Without You,3 Doors Down,Away From The Sun,USUR10200764,259,1997,12,12
Late Night Talking,Harry Styles,Harry's House,USSM12200610,259,1992,12,9
Kindsun,Loafy Building,Maru,GBKQU2275080,259,2002,1,24
Eres Mi Sueño,Septeto Acarey,Acarey Ya Llegó,USCGH1772707,259,2016,3,4
La Traigo Bien Parada,Los Súper Caracoles,La Traigo Bien Parada,QZHZ31933084,259,2005,2,10
Pero La Recuerdo - Cumbia Santa Maria -,Pancho Barraza,Inventame Un Amor,MXF399601972,259,2015,9,21
Tonta,Grupo Mojado,Serie Fiesta,MXF169100031,260,2014,11,1
Secrets,Purrple Cat,Distant Worlds II,GBKQU2212296,260,1997,4,9
Jupiter Moons,Casiio,Far Off,GBKQU2214062,260,2016,10,5
Cumbia de Polanco,Astros de Mendoza,Cumbia de Polanco,US7VG1644252,260,2005,10,15
Parallel Worlds,Osaki,Rooftop Memories,GBLV62130819,260,2006,10,29
Over My Shoulder,MAGNUS,Over My Shoulder,DES232200120,261,2021,4,25
hazelnut,S N U G,Layover,GBLV62103178,261,2013,11,24
Spanish Castle,WYS,The Way Back,GBKQU2188278,261,1999,2,6
"eyes shut, mind open",tomcbumpz,Melodic Nostalgic,GBKQU2104207,262,2016,6,5
El Gil de Tu Ex,Santaferia,En el Ojo del Huracán,ES71G1738632,262,2015,1,17
Matarina,Los Chipis,Sonideras Peruanas: Cumbias & Guarachas Limpias,PEIF21616208,262,2021,10,25
Pedacito De Mi Vida,Alberto Barros,Tributo a La Cumbia Colombiana 2,TCABR1394854,262,2020,5,2
"I love you, sorry",Kinissue,Imperfect,GBKQU2232685,262,2015,7,1
Nightingale,Sleepermane,Dreamtime,GBKQU2271653,262,1991,11,14
She Loves Me Not,Papa Roach,lovehatetragedy,USDW10200130,263,2000,9,7
Me Porto Bonito,Bad Bunny,Un Verano Sin Ti,QM6MZ2214877,263,2000,8,29
Alaska,Camilo,Alaska,USSD12200522,263,1991,11,26
Liza,Elior,Walls,GBLV62040203,263,1990,8,19
Nightfall,S N U G,Nightfall,GBKQU2111741,263,2022,7,16
Memories,xander.,"Cabin Fever, Pt. 2",GBLV62109083,263,1997,11,23
Chemical Days,JLV,Chemical Days,DES232200020,264,2000,3,11
Spanish Girl,Zona Rika,Pa' Gozar - Zona Rika,MXF550514105,264,2008,2,8
Vivid Memories,Otaam,Lazy Sunday,TCAEZ2059174,264,2007,9,10
Felicidad,Los Socios Del Ritmo,Felicidad,QMFME1327337,264,2011,7,10
My Generation,Limp Bizkit,Chocolate Starfish And The Hot Dog Flavored Water,USIR10001123,265,2010,7,15
accords de minuit,Mau,Les jours d’après,GBKQU2276652,265,2015,1,25
Aswo,Loafy Building,Maru,GBKQU2275076,265,2016,5,9
Time Travel,cxlt.,A Moment Away,GBKQU2262875,265,2005,8,16
Phantasm,Casiio,3 Am. Study Session,GBKQU2094045,265,2019,3,7
El Reo Ausente,Nery Pedraza,Desafiando Estilos,MX4971504693,266,2019,4,22
Dusking,Sleepermane,Dreamtime,GBKQU2271656,266,1998,7,7
Memento,Hoogway,Equation Of Time,GBKQU2278074,266,2020,11,27
Dawnlight,softy,The Day I Passed,GBKQU2260598,267,2017,3,5
Forest Trails,mell-ø,Time To Go,GBKQU2187933,267,2004,6,8
Over & Over,Dark Heart,Over & Over,DES232100400,267,2013,8,11
Vhs,Spencer Hunt,2 Am. Study Session,TCAES2036492,267,2010,8,12
Pégame Tu Vicio,Eddy Herrera,Vida,US3Z40407398,267,2003,12,13
Going South,Blumen,La Hague,GBKQU2088911,267,2021,8,31
La Chica de Humo,Zorro,Éxitos del Momento en Cumbia,MXF149000351,267,1991,6,30
sirius,stream_error,polaris,GBLV62126495,268,2010,3,12
The End of Fall,Swink,Notes From Yesterday,GBKQU2177827,268,2006,9,23
Siempre Es la Misma Situación,Barrabox,Moviendo la Cola,QM6N21764486,268,2005,11,28
Nataaoki,Natanael Cano,NataKong,USWL12200287,269,2011,3,8
Frontseat,Casiio,Passing By,GBKQU2204529,269,2019,2,26
Warm Atmos,Rudy Raw,Imagenero,GBKQU2173031,269,2021,6,15
Loca,Chico Trujillo,Chico de Oro,USCNP1002603,269,1996,2,22
Moonlit Walk,Purrple Cat,Cozy Winter,GBKQU2101967,269,2001,9,30
Solace,no one's perfect,Measures Of Time,GBKQU2268256,269,2013,12,13
Invisible Medicine,squeeda,Lost World,GBKQU2188321,269,2020,6,5
XT4S1S,Danna Paola,XT4S1S,MXUM72201003,270,2003,10,14
Call You Soon,Louk,Can We Talk,GBKQU2140165,270,2019,6,10
Still Lake,Lawrence Walther,Floating into Serenity,GBLV62130161,270,1994,11,23
Bamboo,Casiio,Particles,GBKQU2155044,270,1991,7,9
After Dark,kokoro,The Way Home,GBLV62127811,270,2010,4,13
Dreams Can Come True,BVG,Floating Dreams,GBKQU2162622,270,2022,7,8
I Like You (A Happier Song) (with Doja Cat),Post Malone,Twelve Carat Toothache,USUM72208023,271,1993,10,28
Ya Se Ha Muerto Mi Abuelo,Juaneco Y Su Combo,Leyenda Amazónica,PEIF21101009,271,2003,7,13
After Sunset,Living Room,After Sunset,GBKQU2181811,271,2016,12,9
Glow,DLJ,After Life,GBKQU2248991,271,2007,5,14
Lullaby,Osaki,Morning Coffee,GBKQU2237591,271,2010,2,25
Papá,Gera MX,"No Teníamos Nada, Pero Éramos Felices",MXA0X2200016,271,2015,11,30
Say My Name,Matvey Emerson,Say My Name,DES232000230,272,2000,1,15
Una Vez Más,Los Master Plus,Puro Cumbión Legendario,MX3741801301,272,2011,3,22
Los Cachos,Piso 21,Los Cachos,MXF152200437,272,2020,5,6
Prisionera,Villa Cariño,15Añero,CLCZ21601927,273,1995,2,21
Tití Me Preguntó,Bad Bunny,Un Verano Sin Ti,QM6MZ2214878,273,1992,1,29
We Met In the Forest,Raimu,Sons of the Dew,GBKQU2141249,273,2018,12,29
Ven A Cumbiar,El Simbolo,Enciéndelo,ARA340800031,273,2004,3,14
Thinking Spot,xander.,Forest Of Dreams,GBKQU2223264,274,1999,2,6
Talento De Televisión,Willie Colón,Mis Favoritas,NLB639560009,274,1999,11,26
constellation,Mau,Les jours d’après,GBKQU2276649,274,2015,10,29
Ethereal Nights,SCayos,Ethereal Nights,GBKQU2179618,274,1996,5,27
Field Trip,squeeda,Lost World,GBKQU2188319,274,1995,5,10
Te Felicito,Shakira,Te Felicito,USQX92201764,275,2009,3,9
Efecto,Bad Bunny,Un Verano Sin Ti,QM6MZ2214884,275,1992,5,27
Waterfall,Epona,Ballerina,GBKQU2197682,275,1992,10,13
Wander,dryhope,Soothing Breeze,GBKQU2189464,275,1993,9,23
Your Light,Lilac,Lanterns,GBLV62030165,275,1995,11,7
I Can't Sleep,SOMMA,I Can't Sleep,DES232000350,275,1991,1,11
Lumia,Sleepermane,Dreamtime,GBKQU2271655,276,2013,7,10
Red String,Osaki,Evergarden,GBKQU2266816,276,2001,5,25
The Zephyr Song,Red Hot Chili Peppers,By the Way (Deluxe Edition),USWB10201693,276,2013,8,11
As It Was,Harry Styles,Harry's House,USSM12200612,276,1998,11,16
Teardrops,Laffey,Belonging,GBKQU2197302,276,2013,5,13
First Night,Osaki,New Beginnings,GBLV62104861,276,2004,4,18
Escape Route,Mondo Loops,3 Am. Study Session,GBKQU2094061,276,2012,9,1
Reassuring Skies,Lenny Loops,Tender Memories,GBKQU2121131,276,2005,11,13
Nightflight,cxlt.,A Moment Away,GBKQU2262877,277,2022,6,25
Cabin In The Forest,xander.,Daydreaming,GBKQU2161422,277,2020,10,9
As Time Goes By,Ivylake,Moonfern,GBKQU2219127,277,2006,4,19
Friday nights,Amess,A place above heaven,GBKQU2173775,277,2011,9,13
Compañera,La Nueva Luna,Los Más Queridos,ARG601012423,277,2020,3,28
Tití Me Preguntó,Bad Bunny,Un Verano Sin Ti,QM6MZ2214878,278,2009,9,14
GATÚBELA,KAROL G,GATÚBELA,USUM72216070,278,2020,11,12
Sea Legs,Charlee Nguyen,Amidst the Seven Seas,GBLV62119377,278,1990,6,19
666,Tropikal Forever,Chunchaka en Tu Idioma,QZDA71962247,278,1992,2,24
Heaven,James Carter,Heaven,DES232100520,278,2002,10,25
Last Time,yuma.,Last Time,DES232200210,278,1994,7,31
Piensa En Mí,Grupo Mojado,Sueño Y Realidad,USFI29602656,278,2000,5,21
Pongámonos De Acuerdo,Julión Álvarez y su Norteño Banda,El Aferrado,MX4881500002,279,2021,12,31
With Arms Wide Open - New Version With Strings,Creed,Human Clay,USWU39914053,279,2022,7,30
Into The Fog,So.Lo,QuietPath,GBKQU2262872,279,2013,8,2
¿Dónde Estarás?,Raymix,Oye Mujer,TCACK1589663,279,2019,6,15
Daydreaming,Tenno,The Prophecy,GBLV62028847,279,2011,9,24
Poolside,Aylior,Zero,GBLV62021947,279,2011,6,24
Everything Gone,Mujo,Better Days,GBKQU2191181,279,2015,8,12
Directions,Akīn,Directions,GBKQU2221399,279,1998,8,26
Lilac,Kainbeats,Angelic,GBLV62039337,279,2014,11,19
Letting Go,Laffey,After The Rain,GBLV62109054,279,1999,11,19
Underwater,Nothingtosay,Cold Thoughts,GBKQU2271264,279,2001,7,24
Cómo Te Voy A Olvidar,Los Ángeles Azules,Singles,MXUM70801264,280,2021,1,30
Te Tengo Que Olvidar,ICC,Rompiendo las Reglas de la Cumbia,TCACZ1779413,280,1997,11,21
Out of My Head,Jack Wins,Out of My Head,DES232100350,280,2002,3,29
Party,Bad Bunny,Un Verano Sin Ti,QM6MZ2214885,281,2010,3,1
Vidrio,Mxcl,Me Hace Falta Barrio,AEA0D1873007,281,2006,2,21
Chimes,Khutko,Violet,GBKQU2153217,281,2002,11,19
Star Sailing,Mondo Loops,Midnight Gazing,GBKQU2111730,281,2009,5,11
"Suavecito, Suavecito",Laura Leon,20 Tropiéxitos,MX2620281818,281,2000,11,13
Red Alley,Pointy Features,Shine On,GBKQU2139063,281,2012,9,5
I Ain't Worried,OneRepublic,"I Ain’t Worried (Music From The Motion Picture ""Top Gun: Maverick"")",USUM72206227,282,1995,8,26
Giapooh,So.Lo,QuietPath,GBKQU2262870,282,2001,7,17
Passage,mell-ø,Time To Go,GBKQU2187937,282,2010,1,30
Drops,DJ Garlik,Morning Coffee,GBKQU2237589,282,1991,10,29
Haze,softy,The Breeze,GBKQU2208102,282,2016,3,17
nebula,Nadav Cohen,To the moon and back,GBLV62117679,282,1994,3,6
be,tomcbumpz,Melodic Nostalgic,GBKQU2104209,283,2021,6,9
Cascade,Kinissue,Sea Beams,GBKQU2172113,283,1992,3,5
Cybele,sinnr,Sunday Morning,GBKQU2228192,283,2020,1,6
Settle Down,Ivylake,Moonfern,GBKQU2219123,283,2003,12,25
Tenías Que Ser Tú,Silvana Estrada,Tenías Que Ser Tú,QZ5AB1888106,283,1997,8,28
El Superman,Los Cartageneros,El Superman,ARG991026800,283,2015,1,21
Un Sueño,Los Angeles De Charly,Un Sueño,USFI20001085,283,2003,2,9
Fiestiña,Los Master Plus,Fiestiña,ushm21448048,283,2014,1,18
Rüya,Kanisan,Rüya,GBLV62036397,283,2013,8,6
Si Te Pudiera Mentir,Calibre 50,Simplemente Gracias,QM2EJ1500417,284,1995,4,24
Departure,Peak Twilight,Departure,GBKQU2147433,284,1996,9,28
Count to 10,Jeh,Count to 10,QM6N22220281,284,2003,11,11
Vida No Te Vayas,Los Yaguarú,Corazoncito Pum Pum,MXF331110430,284,2008,5,13
Ay Amor,Los Ángeles Azules,Como Te Voy A Olvidar (Baile Total),MXUM70801587,285,1994,12,8
Kingdom in Blue,Kupla,Kingdom in Blue,TCAEQ2084605,285,2020,12,6
Koi,Phlocalyst,Soothing Breeze,GBKQU2189471,285,1991,5,28
Yume,Kalaido,Ghosts of the Floating World,GBKQU2146509,285,2013,4,5
3 Am,DLJ,Lazy Sunday,TCAEZ2059167,285,1997,5,1
turn ways,kudo,love you two,GBKQU2148367,285,1995,9,10
Tainted Love,Harrison,Tainted Love,DES232100210,285,2021,10,7
A Breath of Fresh Air,DaniSogen,In Search of Peace,GBKQU2246775,286,2019,12,31
Cumbia Villera,Yerba Brava,20 Grandes Exitos,ARF060500106,286,1998,10,2
Amigos Nada Más,Los Ángeles Azules,Como Te Voy A Olvidar (Baile Total),MXUM70801372,286,2022,3,21
City On A Hill,l'Outlander,One Way Ticket,GBKQU2192481,286,2012,1,27
Down The Port,Miramare,Azure Blue,GBLV62009651,286,2006,7,3
Heat Waves,Glass Animals,Dreamland (+ Bonus Levels),GBUM72000433,287,2000,1,28
Prenma,Loafy Building,Maru,GBKQU2275081,287,2014,12,29
La Cruda,Mxcl,La Cruda,GBMA22081293,287,2020,9,8
Una Noche en Medellín,Cris Mj,Una Noche en Medellín,QM4TW2218961,288,2013,10,13
La Corriente,Bad Bunny,Un Verano Sin Ti,QM6MZ2214883,288,1991,1,5
Howling,SOMMA,Howling,DES232000520,288,2017,2,10
Ramito De Violetas,Mi Banda El Mexicano,Grupo El Mexicano,MXF369332433,288,2012,12,4
Close Your Eyes,cxlt.,Your Light,GBLV62122727,289,2006,6,8
Consequences,ENRA,In Motion,GBLV62001629,289,2010,9,6
Out Of Reach,Sleepermane,In Between Cycles,GBLV62127499,289,2021,12,6
As It Was,Harry Styles,As It Was,USSM12200612,289,2015,2,9
See You When I See You,Team Astro,Travelers,GBKQU2108801,290,1996,11,22
Dejame Pensar,Grupo Jalado,15 Grandes Exitos,QZ4JJ1842769,290,2006,10,19
Sonidos Del Silencio,Guacharacos de Colombia,Sonando Sus Temas Clasicos,TCADX1826966,290,1992,3,3
Innocent,Oatmello,Dove,TCAEY2087625,291,1990,11,16
Abandoned,DLJ,Night Emotions,TCAER2051126,291,2013,7,14
Neighborhood,Tibeauthetraveler,Scenery,GBKQU2196730,291,2004,8,31
Howl,Elderbrook,Howl,US39N2201030,291,2012,4,30
Get Through This,Nathan C,Get Through This,DES232100540,291,2002,11,17
Reborn from Ashes,Raimu,Meditative Flow,GBLV62112379,291,2011,8,29
Nocturnal,noni,momentary,GBKQU2262854,291,2015,6,26
Above The Quiet City,cxlt.,Somewhere In Time,GBKQU2150899,292,2006,12,9
Numb,Linkin Park,Meteora,USWB10300474,292,2012,6,3
The Parade,Joel Corry,The Parade,DES232200070,292,2017,5,25
La Corriente,Bad Bunny,Un Verano Sin Ti,QM6MZ2214883,292,1994,6,23
Dreaming,DaniSogen,A World of Illusion,GBLV62109825,292,2008,8,27
Tell Me,Falden,Tell Me,DES232200200,292,2004,10,4
follow me,Towerz,At Long Last,GBKQU2194970,292,2022,6,19
Whispers of Eden,Nogymx,Mirage of the Mind,GBKQU2210847,292,2004,6,23
La Boa,La Sonora Santanera,20 Exitos,MXF170710262,293,1992,2,2
Bidi Bidi Bom Bom - 1994 Version,Selena,Amor Prohibido,USEL19400290,293,2014,3,9
Lost and Found,Mondo Loops,Nature’s Beauty,GBKQU2229368,294,2014,1,19
Sweet Memories,GlobulDub,Blue Woods,GBKQU2109510,294,2000,7,31
Lux,Sleepermane,Unfolding,GBKQU2213947,294,2016,1,14
Motions,Tibeauthetraveler,Motions,GBKQU2121983,294,1997,10,29
Te Vas,Aaron Y Su Grupo Ilusion,Diferente... Y Con Más Cumbia,MXUM71100293,294,1995,11,2
Don't Forget My Love,Diplo,Don't Forget My Love,USZ4V2200009,295,2005,9,18
En El Radio Un Cochinero,Victor Cibrian,En El Radio Un Cochinero,USDXS2201437,295,2010,10,1
Afraid To Feel,LF SYSTEM,Afraid To Feel,GBAHT2200492,295,2016,6,10
Mary,Bcalm,Feelings,GBKQU2118469,295,2007,3,6
Black Light,SJAY Music,Black Light,DES232200250,295,1997,5,8
Littlewood,Loafy Building,12 Am. Study Session,GBKQU2204514,295,2000,4,25
Amor Pirata,Grupo Pesadilla,Grandes Exitos,USKH40503975,295,2009,8,4
Amores Como el Nuestro,Los Charros,corazon de papel,ARF060601467,295,2009,12,23
Violet,Osaki,Evergarden,GBKQU2266823,296,2021,9,26
A While Ago,No Spirit,Between Worlds,GBKQU2278940,296,1990,9,13
When We Speak,Team Astro,Three of Us,GBKQU2217528,296,2009,10,27
Mellow Dreams,Living Room,Memories,GBKQU2254820,296,2015,6,25
Snooze,Aylior,Zero,GBLV62021950,296,1990,8,1
Un Coco,Bad Bunny,Un Verano Sin Ti,QM6MZ2214892,297,2008,12,1
Teahouse Spirits,Kalaido,Ghosts of the Floating World,GBKQU2146499,297,2005,6,23
"clear eyes, blind sight",Kainbeats,blindsighted,GBKQU2191760,297,2008,5,23
Me Volví A Acordar De Ti,Los Angeles De Charly,La Más Completa Colección (Disc 1 -Mexico Version),USFI20100876,297,2013,1,28
Planet Buddies,Team Astro,Travelers,GBKQU2108802,297,1994,6,12
Spend Some Time,goosetaf,Perpetual,TCAER2097668,297,1993,1,15
Dreaming,Nothingtosay,Cold Thoughts,GBKQU2271261,298,2003,6,13
Como La Flor,Selena,Dreaming Of You,USEL19500036,298,1990,2,12
La Ventanita,Garibaldi,Caribe,ES34G1301304,298,1993,12,12
Stare Into Your Eyes,exclap,Stare Into Your Eyes,DES232200280,298,1997,12,29
Qué Bello,La Sonora Dinamita,Juntos Por La Sonora,MXUM71501807,298,2011,12,29
Friday Night With You,Pandrezz,Feelin Better,GBKQU2194072,298,2021,8,22
Sin Ti No Sé Vivir,Los Ángeles Azules,Pachangón Sonidero,MXUM70801375,299,2004,6,25
Procura,ChiChi Peralta,Pa' Otro La 'o,USJE61002249,299,2015,12,31
Breathe Me In,Harrison,Breathe Me In,DES232100580,299,2005,2,18
Faint,Linkin Park,Meteora,USWB10300468,300,2017,6,27
Caile,Luar La L,L3tra,QMFMF2022336,300,1993,3,18
Exhale,No Spirit,Happy Moments,GBLV62118106,300,1990,8,8
