email,password
edmond.mccann@smallest.com,b7fb217694ae2d305e766608d250f797daa984e4ac4b5fa638a729be352f2fcd
jacquiline393@journals.nærøy.no,a17444550e2c127b02ea1c197bcffa422c21713040f53d5c2ca7925419bccf7f
omega-ralston1@montreal.com,a7fe9dcbcafa8559ea3617a3a21af7b8aa06c2badf7322c67c5ee6b6f880cdb1
domitilayoung823@wisdom.com,3b0fe0d342e9fa16a5c68dbba33f2e63c024f72a9d4c1ce1028570101d5229ff
corrin-lundgren@gmail.com,26a05370613ccf56c10ddc2439e319dc808aa9cd14ea8e1b64bde0fc602d3c9d
jewel65213@prep.com,47944637b32facc94c1c49b32202b63e23b6ea7f225baa1d89868b3ff32d4a1e
loma01969@press.katsuura.chiba.jp,08bb42a30ca57f3455e11ac74fd30eae1196b25a9e7d634bfc5704d542ab7d20
avelina4@rocks.com,8d3aa1a6f227d714692a9d5a7fbbda496fb09f17f7207a11ffd0a4cca6cf35b7
elza42677@gmail.com,5e884898da28047151d0e56f8dc6292773603d0d6aabbdd62a11ef721d1542d8
kenyetta.velasco66@yahoo.com,56fe43f748e258de06b4955e2b8978bbc1c28ff9ba53917387d6dca8fb920018
hipolito-doll65@yahoo.com,9f2a08fde416cef2158943241fee1dd8f3cca092afddef1d53ae82318e05f63e
olga-wilburn584@fuzzy.com,7499aced43869b27f505701e4edc737f0cc346add1240d4ba86fbfa251e0fc35
elise.redd@gmail.com,12e1d34b00a928b8cebb6a5f739f656b339c0e9d2f4507148a5b1afdadd634d0
lee.moen@promptly.com,95fbeb8f769d2c0079d1d11348877da944aaefaba6ecf9f7f7dab6344ece8605
maryjofurlong-seay@yahoo.com,11148d8f6ad4d4f24b1a3e91b11f69d925a2bd03409bb4f0f486f13d311aea88
natalya-nance47025@gmail.com,4221a0fc3dfbfd830dc3a13f6c72d233781179bea27df532ff903f3abdba5586
yuonne-braden02921@fired.com,052d99ea8f31a3741b672cf7063d40ed4c19358181ae58aad0b29aad7f3c4b2a
forresthassell368@yahoo.com,a6e13bc9170fd9daf042c9358435394f00d78518c2c39488969d64494fd1bbf6
terresa3@yahoo.com,466d1a9cc50f04d4f75efd2876bb4ea27dcd701ade74095ee3c361f5da5b42f0
jeana8@independently.com,f6fc84c9f21c24907d6bee6eec38cabab5fa9a7be8c4a7827fe9e56f245bd2d5
margit.dunning06097@wildlife.com,1c467339c960a107ab9ee5ff63b38009797416c964f988b224710773cc38796a
conception-tinker4804@hotmail.com,44e8dd36c54ce8a436e35ca82398e2f5d93f951c2e4eee39348c1fc8a56b7267
ted20793@collar.airport.aero,fbfb386efea67e816f2dda0a8c94a98eb203757aebb3f55f183755a192d44467
demetriawoodward@gmail.com,b918c3f9116ce3a61efd71a1bada0d46c8f575283ce5d5798454a4abfb56ae79
mike65773@mpg.com,b371dbc4b0268fd4fb467c755690433d1c50348b944b696087a8700a4235217e
karlyncrutcher@gmail.com,08bb42a30ca57f3455e11ac74fd30eae1196b25a9e7d634bfc5704d542ab7d20
chrystal_boland@gmail.com,ae80f3fbe24d41338766aaf64cdf0145f92c0afdc95eb87aa3777d076584e345
tawana_seeley@hotmail.com,79a6a933dfc9b1975e444d4e8481c64c771d8ab40b7ac72f8bc1a1bca1718bef
manuela_griffiths@hotmail.com,ce0fee7e61f9c74f1110f0e5940a80b4f059f189217d0c3d26bb41960d4bf597
takisha7423@gmail.com,e24dd2210803b4737a9bd9e3163a4ca807b63201c3bc32b68fb122ca52efff36
adina-lehman92@gmail.com,42ef841dc27fe0b5aa2d06bd31308bb63a59cdcddcbcddd917248349d22020a3
martinawynn@inspector.com,a84571394b5e99fe70aae39ece25f844acbaf83479e27f39a30732e092b19677
nichole-barrera49@talking.com,2bb80d537b1da3e38bd30361aa855686bde0eacd7162fef6a25fe97bf527a25b
kimberly_stark88@hotmail.com,01d027f99c658a86308f5ce4a721933a123462294983951e262d74e5b2dab989
bobbye-hansen6@yahoo.com,c2afdd38565b01f278bc8a5513cd8354840fec53de25dd45af4d23d6939abe8a
chia.brandenburg6329@hotmail.com,6cb09fe72a3471a776f9dbb8509fa5befe73e878f23dd71be79d24ec90c1b9db
lucas406@boc.com,b7395530e4ed55cb6a5376ee8481f603d18679ce4c53b87b1146a9edc11fce1e
brigida3923@thinkpad.com,35390f5453e810b6248028c63e5860ce4b2ec6401d3849a7f4f871c0d183c22b
emelinesnow25@basically.com,bfb301b26ca5590c4cd741bea37c36d5b4e5fb92dc4880e8c89448bf82b2b94c
joetta.stephen@hotmail.com,15c6d611193988e468c7431229c59ce13b0407fba24f11d36c42680d7fa11e98
lisha03218@hosting.com,cdb59355f3ba293977fc0945fb85f11822d412c45c7520c7121bd2234f6c1f48
georgiannlessard08970@wallet.com,fc52fabe94c0e037d2df4498e87481a6438960c9f73d517584a7a5c564535ac4
greggenos@hotmail.com,9bba5c53a0545e0c80184b946153c9f58387e3bd1d4ee35740f29ac2e718b019
isaura586@rent.com,834d79caa6e0efb1f91df5d913653bc82decc238c6781b61213c848d320afab6
marylynn-hood@gmail.com,8578593b9cf683d3f59e6d73b25312b62ccc42dd7d45a7749dda4e32ade8fef4
coleen_bays568@hotmail.com,000c285457fc971f862a79b786476c78812c8897063c6fa9c045f579a3b2d63f
lucrecia_louis4@citations.com,e7d3685715939842749cc27b38d0ccb9706d4d14a5304ef9eee093780eab5df9
viola_corley@hotmail.com,6089854c94ca5454b76be6752c562901a985f64c9a946f62976aeab593b83161
hermina_battle757@ccd.birkenes.no,8c6976e5b5410415bde908bd4dee15dfb167a9c873fc4bb8a81f6f2ab448a918
josefa06@hotmail.com,7a345ba5e18955831fb1f543443b78bac5a823eeb8d5747e8fcb2c5591b31313
meri62632@engage.com,78cde64c3e47f2cbfd9da721f54aacde33779916683c79de86962898feefac21
gustavo_casteel5@yahoo.com,9bfa0b50a90e669907e78780bcc1e5e972742e0d124b30a67fbeb6371c604891
micki.whipple695@gear.com,2d4795b5a4b00eb38d1a1db9a90ffd8c8ba2e407b4e51f4271c1e4821064b04b
merissa_singletary-fair@research.com,b5676481a6a1818bcb60de8c6859919f5855d44e60ea1c1587e06459b23e36f1
trevorkent@yahoo.com,81fdff283ec2829b4002384ad18370f64e7a48618c45058e3d112d965e27f72e
emil275@glow.com,1411242b2139f9fa57a802e1dc172e3e1ca7655ac2d06d83b22958951072261b
renay71515@infected.com,8c649a8f85f3d89d4eba2cf885e7f9273c9672b73eaf3ce43c5ea038ca648f0f
kali-gregg@yahoo.com,eaa2bded32cc585d3f37c5319abe8890ad28a697ed66d5823f10536cc9c0fdb9
tatianashook5@gmail.com,05c5f6ef21bb02be3db6d066c4e822e07ef75b2f85241333a7cba5dec74e2d33
sarina3085@apartments.takahata.yamagata.jp,c604dabc9591840978d2585238a908898b22e3337b207dc722ae208eb204c291
gretta-hurd@gmail.com,fa2115f8d576a6ab722956697fc759c31d1cd6b93c8336bfebf73ed5cba2ff49
roberto3884@hotmail.com,6061913f881d4dca9a230e3e86a75a412cf26487501a9e6a25873dcfde6d5dcc
josefa517@webcam.sondrio.it,f85b43067a280d4cc40f89cb78d8efff6e908727bc3cb43a9ae72b400d2eecc5
ivette_stephens41@yahoo.com,3b80d38f7686a8b5f8e61ad562ec069ac172732fb4dab946401f21a438669a4b
shonda-skaggs4688@idea.com,e24df920078c3dd4e7e8d2442f00e5c9ab2a231bb3918d65cc50906e49ecaef4
max.cintron3909@gmail.com,cd08c4c4316df20d9c30450fe776dcde4810029e641cde526c5bbffec1f770a3
adriane-gee43@gmail.com,9fe93417853739c1c18c2e8b051860d1a317824f1aa91304d16f3fe832486f7a
ramonita46104@yahoo.com,b0d3518b1abfb59187800deb569decddae434fe85e383a2a0802325b04994ced
gusbeltran723@yahoo.com,e8f56862d74ef5599af4eeca73924bfa44a6773a497af0c29c48e18729ba6ff0
domenica16719@yahoo.com,a051e62c16c385ab646c4161a67a338bc8e7efdff2c797e53fcdb72b9fc2b4d0
rosalind-fulmer@carrying.zhytomyr.ua,bbc5e661e106c6dcd8dc6dd186454c2fcba3c710fb4d8e71a60c93eaf077f073
shea403@apply.com,2bb80d537b1da3e38bd30361aa855686bde0eacd7162fef6a25fe97bf527a25b
homer-murray4@gmail.com,4b05ab7893e860443cbc0816f9f5db76de6e653519f3e91968ed56c813c6f439
donnettarose@recorded.com,95d9daee3b0998effd79f11fe4509bc010931002ee4e2ee0b736de1f8a6ae7f7
dollie.warner2@gmail.com,34a533dfd7273a9bb03656b32956a2b1d08dc62533b11c813b28d0ef23ec8e67
rikki_zavala5106@yahoo.com,b0d3518b1abfb59187800deb569decddae434fe85e383a2a0802325b04994ced
alyciadunne9889@gmail.com,98d9d59a907519c80fc08e9ba0e4505f152c1bb8dbe94538e11ad19f5ccdbfe0
mabelle_roth24@gmail.com,057ba03d6c44104863dc7361fe4578965d1887360f90a0895882e58a6248fc86
janel2530@hotmail.com,c6cb50e7eea0df1fd3eaf52ada2358f5423afd7c0b5ee2395231a9b3208ffcaf
lauretta_bratton@gmail.com,052d99ea8f31a3741b672cf7063d40ed4c19358181ae58aad0b29aad7f3c4b2a
denaedees@us.com,4ac134964872c4b0e2027c2be20aa440fa4e699ba9c5b9f1929bdab52824e424
regenia_sullivan@gmail.com,b7395530e4ed55cb6a5376ee8481f603d18679ce4c53b87b1146a9edc11fce1e
alonso0718@asylum.com,c685a2c9bab235ccdd2ab0ea92281a521c8aaf37895493d080070ea00fc7f5d7
ingalassiter009@hotmail.com,5a7b2e919d9eb13cbcfcdaa0bda8bf6aec156a00e29448e96f1702676f70b119
londa9@amplifier.com,c73c3a07b644b026251aa655331eee0394bea4e7bb1d5f019bfbcbeeb13e0f83
freda7@stylus.com,bd938c688f49b77c7fc537c6b9222e2c97ebddd63076b87f2feaec66fb9c05d0
aisha4621@gmail.com,1e9cc37678c0112d7a394909256c2a5998a6e57e2b0d82209900e1456e51b7eb
toi_deyoung488@percentage.com,a7fe9dcbcafa8559ea3617a3a21af7b8aa06c2badf7322c67c5ee6b6f880cdb1
diane981@bear.rl.no,956baf0240928f5ac7576481bfb24926e8784b2e85ba337e1569a6238c915e16
artie_jorgenson80177@elephant.skole.museum,280d44ab1e9f79b5cce2dd4f58f5fe91f0fbacdac9f7447dffc318ceb79f2d02
hortense_jaramillo@yahoo.com,776488775500737b9e1072f1b38e50a1c9561c2a6ccf5d3e3ca4ec575a864192
un_olsen04069@did.aso.kumamoto.jp,6bdf0b2dfc2e0221960849943e884b3d4c6baf7cd25286caee29b9737ab3a343
delpha.joiner30@epic.com,10910087de24bfcabe854fda62b5023a61fe531705043b9979fdf00f12c4c0ec
rachelhardesty@latinas.com,3a7bd3e2360a3d29eea436fcfb7e44c735d117c42d1c1835420b6b9942dd4f1b
louis_sell71@yahoo.com,a1bd1312d23002be258c9bb4642bbea77580353869a8ee8844e6940b7e0278b7
hermila.leigh@hotmail.com,a58e03220bf0a56686e193d23b60914a4b904184624a00a5608836d0400cd753
jacquelyne32@petroleum.com,7781113a99f177280ad3e89bcf631f03acb8fa8e626082dd9158eeee0bdd5674
dominick-dean@jackson.association.museum,fce3559e5a7e33d289bab3244a5480eeb9008296849084008d329f2ab59749bb
casienielson2@main.from-ms.com,8b9b28baf5f711d6490548a84f7fee1a591d9557891122fda745c6a9cde8a226
angelic.jernigan0427@attendance.com,4a07a4310034102668a862f2ec7d3ba7416937b2f85c90b38257cf5b13093b0c
jenifferforest12@hotmail.com,522ce7057fd0523adcd6672db24bb671d09d1ffa2f1e7c97c13e6c68ae6fcb13
armanda.gorham4@hotmail.com,f02c96357481972443a2eb6d2861c803fa7790fb7d0225b2f54b6beba964f4ad
janetta.matias969@gmail.com,28f0116ef42bf718324946f13d787a1d41274a08335d52ee833d5b577f02a32a
sheba0@gmail.com,026ad9b14a7453b7488daa0c6acbc258b1506f52c441c7c465474c1a564394ff
ewa7455@yahoo.com,a22925b9c393ad6cfb3dec3997000e06e38a0ede0bad351603daa6922713dfa5
lorretta0073@favourite.網絡.hk,e4ee06d13f52021bfbfc793ebce404608a0efd7786e1accad9d113d099fbab48
shelba9@gmail.com,b371dbc4b0268fd4fb467c755690433d1c50348b944b696087a8700a4235217e
shay76@yahoo.com,fc5a299cd6cd644f40bdcc8f7ae00e89a4ae4fbc44031c4bc27e54dd4bcb9773
donellastamm40976@appeal.shimabara.nagasaki.jp,a384e2f868dbe2347844d303784dfc82b39dd32d40e322f8941e20c1775846da
adam6240@arbor.takayama.nagano.jp,c46d87f1fb4a5df6df841030ffe300e8271af74b62f2545c6c1759d18932675d
libby266@gmail.com,ff48e511e1638fc379cb75de1c28fe2016051b167f9aa8cac3dd86c6f4787539
horacio_bustos6690@hotmail.com,054da1e8bc1cb20b4504d603ca6154d353cedb698909503733343bb3f22161c1
jacinto.schroeder@hotmail.com,731e6ea6f00420135a8021bf75043ee998dca404c86d4898ec6aa35200319160
lavette_fontenot@rc.åmot.no,aa866f38a639692f90aa5396faf5e50012af2edd49b01b513d6ac1de3e697022
eladiamontgomery@viewed.com,d7ae9de750a5640adf6e724d72643767faa73bca2941781dae9d276ff2d4b4ca
phylicia.casanova@hotmail.com,d334cbac4bb3f242dfe5e11a656333345ce05c8409bc347be201f2447e14b480
jocelyn181@pm.com,d808cfd66215b9ca25d0d02778e1931c7055e2a21bde4a695b9df4ab522ff3cf
terresa9@gmail.com,aee408847d35e44e99430f0979c3357b85fe8dbb4535a494301198adbee85f27
tayna-robbins@sealed.com,cec8478d2feedfa7bda5501face1aab64368b9876ea5149ec11b2b9df4a2e568
vilma62@gmail.com,b7fb217694ae2d305e766608d250f797daa984e4ac4b5fa638a729be352f2fcd
florentinonorth3@openings.com,83ed5207a41179600b50c409a460cfc229c60cb91bf06480d705c923c864e501
jaimee_burns6936@yahoo.com,489f719cadf919094ddb38e7654de153ac33c02febb5de91e5345cbe372cf4a0
sammiebowler27053@timing.com,68be7550846ecd878947b4eb0ac13d3cca3cf6c4940c94d90163e0a15e947203
mitchel84@yahoo.com,848be944013cc3374ddfef3655d6816c060610161c835c71a9665e6dc18f6542
jinny81319@hotmail.com,4748d4c802a775e8db9a23ec58f0986cacdc5d2d3356d22c490a7d22331ff133
dorcas1@powered.com,c585f1decb986f7ff19b8d03deba346ab8a0494cc1e4d69ad9b8acb0dfbeab6f
machelle07512@yahoo.com,35379d9c009e290d702b72abf3f5f9bdbaa7e00a63fc37b5174fc3825c8095e3
orville_brookins37@acting.com,b8510932dad3ddf0fc34661a0caf6674e5c0d672e3930c6a736424d4df0e8016
lela.chappell@yahoo.com,818efe46a6c2ddb95df1bdecd7869fbd6ac790f24182f681cc6b7edf43ec7b69
debera_stubbs4497@hotmail.com,1c8bfe8f801d79745c4631d09fff36c82aa37fc4cce4fc946683d7b336b63032
clarissahamblin74597@gmail.com,96cae35ce8a9b0244178bf28e4966c2ce1b8385723a96a6b838858cdd6ca0a1e
jesenia_loomis@block.lib.mn.us,f95fc9d255314deebeb3e3be8c7a926caa4e2415c6372befaa8fd6f069b7c4a3
zenobialara-lawler@purchased.cc.dc.us,54d5cb2d332dbdb4850293caae4559ce88b65163f1ea5d4e4b3ac49d772ded14
nicholle.cupp0@governor.com,65c3f75641b22925c737ca657b126cd68c39e423349d43031cf9a3b9a18cee1f
willard_reid13520@gmail.com,4ee3679892e6ac5a5b513eba7fd529d363d7a96508421c5dbd44b01b349cf514
tynisha_jackson@protected.edu.au,73740548d223792c35f0e1df5a5c543221786947281313a06fcf872af283816e
santos.shields@disks.fit,a1bd1312d23002be258c9bb4642bbea77580353869a8ee8844e6940b7e0278b7
edythe11382@analog.com,fb9ebf18103e119e819b5ebbd637958db338fe2821156a51e1b691015615e984
ethan42@bedroom.com,7b85175b455060e3237e925f023053ca9515e8682a83c8b09911c724a1f8b75f
hosea_hodge@disorder.com,37268335dd6931045bdcdf92623ff819a64244b53d0e746d438797349d4da578
diann.zimmerman944@gmail.com,009dba7e54048b56a2bd3725cdf85248242cac1045ffd5011fc99b03e1ae9a3c
ariane2@yahoo.com,a665a45920422f9d417e4867efdc4fb8a04a1f3fff1fa07e998e86f7f7a27ae3
bert-rosen@gmail.com,1ef7bb1ba959d2c3be7c7a72c8256de96ab78e901f717f1899fd6ac041e21225
oneidarupert@yahoo.com,94edf28c6d6da38fd35d7ad53e485307f89fbeaf120485c8d17a43f323deee71
salome-blackman@hotmail.com,ecbd105358e381d778dd0173cd6a6db10f2f136e1810797c212b483fc42a02a2
luisewithers@hotmail.com,f5903f51e341a783e69ffc2d9b335048716f5f040a782a2764cd4e728b0f74d9
simonne09459@scan.com,68be7550846ecd878947b4eb0ac13d3cca3cf6c4940c94d90163e0a15e947203
darrel_blank-tavares@expects.com,193d3043e029a9f9fbac4f4aaad437edc2c5837719c5cc5f49939573baf78760
theresia_boehm90620@shade.com,bc12b8f31ccdb4f7e89f96e080a823c23bccc8f2969cfeaa5667b64cc1dd8a76
marcitarver99929@gmail.com,8f27f432fcbaa4b5180a1cc7a8fa166a93cda3c1bce6f19922dd519d02f4bb39
donnette4480@gmail.com,88a1881f0025cf7117501d07aefc5d4be6696656790d765678df8bc48ca52687
deedee_concepcion@hotmail.com,8be2978e343799a3747a31957706009d207d6a3de7978e63f00b2a41cc99355f
dollie-badger@hotmail.com,b6ad34b0b6b7e38f878a513b3f7927ebeb4cffb01aeb6d9fd9f9ad67fbc76517
kandiceshade@directions.com,4138cfbc5d36f31e8ae09ef4044bb88c0c9c6f289a6a1c27b335a99d1d8dc86f
anna812@breaking.com,c12ea8107a1210574a31394fe05bebdb2cd1fb7f491939fd743d3f6f09aee721
jeanice_downs@question.com,aae0a09ff5c9b924621f84fecff5989846af92b22624bbfca50eadb94d7e5aeb
trinh.goldberg@yahoo.com,4ac134964872c4b0e2027c2be20aa440fa4e699ba9c5b9f1929bdab52824e424
aikowilson214@yahoo.com,5094dcad61aca84adae760a3a4ef66bd00284a17a39286132c3b641ddbad87df
karole-staten6027@yahoo.com,5e737f891db1175442a39fde73e51d781a545506d71c95477a6deb5988bd7f9a
jung30732@hotmail.com,fcfd075cbe367c158d5cfaa31fa06656a3e68f626388d96ee81b35dda4310b58
deeann.mccleary85517@capabilities.com,714b74b9fd79bf335839a273ce69ae2e28f7ab92dda4dd803f713f80d712f0ab
mackenziedurkin160@win.com,7a2ec40ff8a1247c532309355f798a779e00acff579c63eec3636ffb2902c1ac
elliott_barrows@gmail.com,e9cee71ab932fde863338d08be4de9dfe39ea049bdafb342ce659ec5450b69ae
caterina97512@russell.com,22f3ae2927952fc2fb44ba2d9e1e6da1ad7098bf02511c8e98155e5574873ceb
rosana_shinn80303@gmail.com,b026bccaaff344acbd5c046751242877fc311966541bc4409bac93f0a2a468fc
alvin-lefebvre18@hotmail.com,b0120ab459558f30fb7d0d98d4bd29a8131505f13eaa4b584ec91244d09cbde2
matilda.sturm@gmail.com,2ea0d25e51920dc0ba247fcda7f514f3e8ad6234e704277036df405af860ed6c
melodyjordon546@venues.com,53ddafee31895d3f881928b0f32b7ce540bae7932dcbf0eb610ec068892856f2
porsche_stanton17480@gi.vallée-aoste.it,11148d8f6ad4d4f24b1a3e91b11f69d925a2bd03409bb4f0f486f13d311aea88
andres_pond1@yahoo.com,d34a569ab7aaa54dacd715ae64953455d86b768846cd0085ef4e9e7471489b7b
venetta368@yahoo.com,d74ff0ee8da3b9806b18c877dbf29bbde50b5bd8e4dad7a3a725000feb82e8f1
stacey22@yahoo.com,eaa2bded32cc585d3f37c5319abe8890ad28a697ed66d5823f10536cc9c0fdb9
rosiadolan@gmail.com,d4df2ec253dc95b3455b77b158630202b15e5e509c6bd341592b3019c62fbf90
lynwood.gatlin@gmail.com,648b4a1fdb300546e35945195b516665bf9e45b69e334712e35f3ea0cf8cd79d
veronica.winstead@ste.com,7b85175b455060e3237e925f023053ca9515e8682a83c8b09911c724a1f8b75f
victor.towle@genome.kunst.museum,bf9b5951c550f519c08a4515282f5dc69e0a9e55152d5d316570436b9fa101dc
dacia65436@terminology.com,c585f1decb986f7ff19b8d03deba346ab8a0494cc1e4d69ad9b8acb0dfbeab6f
barney-ritchey9@intention.com,381cfb6e1e428419d5d6b5d113be06a9023d6407ebe388791ec3d59100d87ec5
hassie798@bacterial.com,55fbbb9de6c380e13013f7f7621cfafdc939fe87c1b0af1cc425aa18f3744dec
jesse_curley0086@yahoo.com,79a6a933dfc9b1975e444d4e8481c64c771d8ab40b7ac72f8bc1a1bca1718bef
foster.tate@hotmail.com,d4595ee7d9bca0d6c0726ec3209a1d6153a6d32bfb0bd26c2e1fd4b2b91789ea
towanda.flynn87@sees.com,4f32044a655f32e8528edea64dbfd11cba810b8790e6e6e23d28ad3a75980734
dolores-soria2@bon.kawanehon.shizuoka.jp,2c8c4f00dee0bb25cb5cda2ef243456e7fa9a11dbb37a24b159d3c35177a0393
albertine8@hotmail.com,33c614ca3cf78827a85dc0d8d06bfcf8c4d923fd23c813acd50b80ed2d4d4fb3
emmaline14@dem.com,df59c257785d70706a411e70e123aff2844d6d57eb19f3a071afc8e019f5f2d8
versie.crouch64405@houses.com,49460b7bbbd3aad3f2cba09864f5e8b01a220ea8c077e9fa996de367e7984af0
kandra-vieira29583@yahoo.com,8fced00b6ce281456d69daef5f2b33eaf1a4a29b5923ebe5f1f2c54f5886c7a3
vannesa_money@leader.com,58f87e265d97de141076d2e770459f51f20b32112139a0f7dc27b7d7803465db
numbersmessina@gmail.com,807a09440428c0a8aef58bd3ece32938b0d76e638119e47619756f5c2c20ff3a
scotty.shockley@hotmail.com,72f4be89d6ebab1496e21e38bcd7c8ca0a68928af3081ad7dff87e772eb350c2
kaitlin-patton3@hotmail.com,fb9ebf18103e119e819b5ebbd637958db338fe2821156a51e1b691015615e984
leona.hartman@gmail.com,248b57c5cabbc9944d169d10bc4959a042d0bb81ab6cfc9166f40a9d0f0fd614
beatriz-alonso-batson2@hotmail.com,c68943be5eeeb3092a614aa6119bcb560217ed1b4ec44b9c99d6e2766e524049
madison_merritt@gmail.com,1f3ce40415a2081fa3eee75fc39fff8e56c22270d1a978a7249b592dcebd20b4
shaquana-laster@republicans.com,62708057fa8cb45202db7af23362156934cbc08237057fcfac8d4cad610f5c8e
jeannette_kopp@glow.com,39fbe87afb3461d7a2272a229ce4338dc1300cecea2ab08ac10a3e59c947989a
mazie53@participation.com,e7cf3ef4f17c3999a94f2c6f612e8a888e5b1026878e4e19398b23bd38ec221a
rosana.willey-hare614@cattle.com,fbfb386efea67e816f2dda0a8c94a98eb203757aebb3f55f183755a192d44467
moises03221@essence.dscloud.me,90cc33a41b541af2c1964e3e10a46088cbdedf63031efaa35d588a698c91193f
jennifer-stout8@hotmail.com,be392b792809651cdec3485da4357568972ceb4cfd939c4bf5e5c3d011b04837
reenalaughlin@isp.theater,b8510932dad3ddf0fc34661a0caf6674e5c0d672e3930c6a736424d4df0e8016
hana-samuels@uw.com,076a89c23179cedfc61171fe400ecf01fb76b9a48a68fb82dd0cd688d684d900
tashina766@hotmail.com,705db0603fd5431451dab1171b964b4bd575e2230f40f4c300d70df6e65f5f1c
yuki_boykin83854@enquiry.com,51eeed7251f3f56288ee554afaa1028b7fbc3daacc4a952be4ae8d18ddaf3320
jani-brockman3@hotmail.com,c685a2c9bab235ccdd2ab0ea92281a521c8aaf37895493d080070ea00fc7f5d7
delfina.rivard59106@disclaimers.com,c9344c5f1079f7ce9b007e604829f7e8e4516e9132e098ebd58e2cc7f2a5fd4c
solomonheinz@readings.com,23ddda4810068cc44360dffd31b6c5a9ad13fb9e6a69c9354a5d1b07f1b9843f
magaret26@fe.com,5094dcad61aca84adae760a3a4ef66bd00284a17a39286132c3b641ddbad87df
katharina.ingraham4@search.com,9a900403ac313ba27a1bc81f0932652b8020dac92c234d98fa0b06bf0040ecfd
somer6@garbage.com,548a0cae663517c2ba666ca86c2cc3e256006d94fa5725772b02c8ede803259d
iliana_jenkins15606@gmail.com,280d44ab1e9f79b5cce2dd4f58f5fe91f0fbacdac9f7447dffc318ceb79f2d02
dennise_le@trivia.com,a441b15fe9a3cf56661190a0b93b9dec7d04127288cc87250967cf3b52894d11
norine73070@pie.com,b988b5837c24ad1987f31266e0246b0fdaaf7948714cfa2a9f7757c52977ff14
nelda_duarte57@gmail.com,532f011ec89ff0e2e1be76953593b588d47e8a454d18f554e4f2ea6d89615a10
li49@yahoo.com,1f6f699c758927baadc825ad46bf7476d650b346a294b2bf9d457887b57f5153
shani_holliman0302@super.int.ni,51eeed7251f3f56288ee554afaa1028b7fbc3daacc4a952be4ae8d18ddaf3320
diana_espino2@highway.com,340d600392818df2413382dc7d8325c360d83ea49a262d31760348484bbc10b5
lena-overstreet@treatments.com,ac7a89c282194aa6fd19ee0916325e2e5a7ccb0635056a2dcbcb084bc1f71fd8
ignacio_damon819@yahoo.com,8f398886c326b5f8f07b20ac250c87de6723e062474465273fe1524f2b9092fa
ashelyhuggins@climb.com,7aee5b5dbb9e781589946f9087eb09e4a880d57e5d52441daaf7d49f9c2e629f
ai.hutson@gmail.com,21665ca201d4070f6fcc99b84aa1e55ae49e7b47069a24ed524da86413381b23
bobbie_belt@gmail.com,c5422c052bfbd7bbd9764e0467688b62193fec4fa32a1b13af28d1708d5870ec
lesiabuss88555@yahoo.com,0a4992ea442b53e3dca861deac09a8d4987004a8483079b12861080ea4aa1b52
rhonda.child@filters.com,c5422c052bfbd7bbd9764e0467688b62193fec4fa32a1b13af28d1708d5870ec
amy861@gmail.com,0feae16d55365acf07fe9f909834361ba6ee606854746539230bdc84a6a24cee
julia.newell@cent.com,7aee5b5dbb9e781589946f9087eb09e4a880d57e5d52441daaf7d49f9c2e629f
gwenda_boatright@ages.com,d79987051a2552ac1895e06b97d12d8cfe5924872f61dba59c15552bcc832f9e
lienmccarthy31951@gmail.com,299d6631d639256a762b81ee007deb44cdd1cbc983e025038e113a0e709d3f7b
darwin.mcinnis@styles.com,c12ea8107a1210574a31394fe05bebdb2cd1fb7f491939fd743d3f6f09aee721
gaston.janes-savage@sensors.com,2780b8eef998d6eaca5dbfe00e4043e626c79bc214195e1848af17a85d51519c
artie.ahrens2377@skins.com,cea6e08605496fcf871946f7ee8d5f26bfe32eeec8fdfd614d152d1bd3e6391c
junie-sibley385@yahoo.com,1855f8fe0e94e2f8a0b09707b3159acc0be5a9f6bb1b8fc0c2e75b662398e050
donetta.armenta@hotmail.com,6db67ddbf0c9afdcdbd8eb875559b9f76a2b6aa3b08a154e24266e6510ebe90a
angelita.pender975@complement.com,9bba5c53a0545e0c80184b946153c9f58387e3bd1d4ee35740f29ac2e718b019
victorina4@gmail.com,df4ac416257333cf770e5b162da9c2a06b37e428d0a4035ec3a0f114df08d231
makedanation@paradise.tananger.no,4f9f10b304cfe9b2b11fcb1387f694e18f08ea358c7e9f567434d3ad6cbd7fc4
alonzo8@gmail.com,b2c03f7e6a98dcfeb568cd82d3de69250681e3071c00accbcdd31709930401d3
mohammad24286@hotmail.com,1718c24b10aeb8099e3fc44960ab6949ab76a267352459f203ea1036bec382c2
kenishabrooks4721@yahoo.com,a78ae4b4d2e8c1e7b6ef20f163cc194f5979d7db1a9b4b9806bffc5ee959b130
mechelledanforth@yahoo.com,3a120dc1589bb2f0cb023b28ec75328be3fc5333ef0707285b31f47ad268dfd3
shelley_montanez41@yahoo.com,468c7b6449dd928f2ddad069fbfdb31f59ce214d67a1422c7610efb886ce6aa7
annita-legg2@copy.com,a2a52f3eba927ee4e451df164d0c2e0e42bef8c04713d493140f50620696a789
siu42427@blogging.com,1a49bfba8f876f00a50aebea5a851f346c7c5ecb409f592f2b0f9ac08bba5f85
clarence.salley26@incorporate.com,7e071fd9b023ed8f18458a73613a0834f6220bd5cc50357ba3493c6040a9ea8c
berniece9@biographies.com,c1d35cc3471fe509203d65b3e7a53fc82337ac9ae2c797b836621f706fe37df8
bonnyvalle5730@yahoo.com,631ffa50b59a0051744dee00a0b9194d44b357cc91fc7595628a867c133f2102
melia351@hotmail.com,c1d35cc3471fe509203d65b3e7a53fc82337ac9ae2c797b836621f706fe37df8
marianneheld721@proposition.com,381cfb6e1e428419d5d6b5d113be06a9023d6407ebe388791ec3d59100d87ec5
kiyoko83@yahoo.com,3b0fe0d342e9fa16a5c68dbba33f2e63c024f72a9d4c1ce1028570101d5229ff
maritza.call@vb.ilawa.pl,fffc563b0002130a9502f9e89eceae8558291e4100dd95cdf5e86c37d2214ae2
tamatha-dorman8420@yahoo.com,3c66157844fa8ce7e9b67b0022383d7709ba2b30f8306d3c9b2eceb2cd91e4dc
aaron7686@ensures.com,4dd68e2ab3a30973318ea903e088b3d3480655ef4236109fe47272c1c1582880
rina.bagley@donations.com,c9022680f888674e2b2274758755bfa07dea729b68d71cde5c521ed70ef261bf
love.danner9@ladies.com,61bffea9215f65164ad18b45aff1436c0c165d0d5dd2087ef61b4232ba6d2c1a
estelle0@gmail.com,b6197fe0d62a4e463edd2925382d4d268c4fce0859378682608efa4fda326f26
roselle9@yahoo.com,0109df3bfbae1a4b6b6de4d96a49b95be66cc1915a621bb6fd576d6b6cca7741
lucy65791@mode.com,a57a07cb258093b2a6b4ff7819bfe31cb4666d030cd9f86aba875e18caf328d3
shalonda_lauer9@map.com,bd3dae5fb91f88a4f0978222dfd58f59a124257cb081486387cbae9df11fb879
leidavanmeter-merrell1@gmail.com,68be7550846ecd878947b4eb0ac13d3cca3cf6c4940c94d90163e0a15e947203
laraine_nixon@targeted.com,ebb3de8a3d9a40366132eb5deb5af44e4c96c11696f8fc34ea2c1d8bd8399171
tammara85@released.com,82d3042b941378bc994b8c2596fa69e4370bd2cb5400c4c043c996dc197fda7c
verna.fontenot@hotmail.com,196c562cb5e78e8cb10c66466868ca8b40ad7b029d8ecef850b717cebe055eb5
lynelle5@mods.com,07307784035fdc5cb2e003cb3d905a4782d034858b6a4699bf26c9804a378cae
corrintom6543@chick.oppegård.no,d7ae9de750a5640adf6e724d72643767faa73bca2941781dae9d276ff2d4b4ca
yvette.mace@yahoo.com,07a0a3bd1783de63016f550da1c0e47c8225fea4b0fa040fe058af60c2d858c7
yi_parry0668@ambien.com,d081f5e402980b267f1f87cb6b74fc3eb249de26e670a9db55dec67da7864de4
tonya_mathias@hotmail.com,ecbd105358e381d778dd0173cd6a6db10f2f136e1810797c212b483fc42a02a2
deborah8935@hotmail.com,1a2d3e3e226b8c72dccb920c5b2f4ef7fcd7c4a58a9e26c44d7d0ca8f65cdd32
fermina_schubert@gmail.com,cec8478d2feedfa7bda5501face1aab64368b9876ea5149ec11b2b9df4a2e568
ladawn-newell3498@yahoo.com,e647708a52060743eb1dc963732cfedc1ea1db3a1785da3fb9c50dd3954fd708
dione_couture@yahoo.com,ff63d149bd73429d489fc9d1fa3cd1c5fb7b88a9c82694bb5e84ec700c4e0fad
temeka.caraway@charts.nord-odal.no,7d4c5c8894e016e772e9b7acab04d2b775ad4e7861d162ca5a48de7a7151a6a2
aliciacameron99986@hotmail.com,ed45d626b07112a8a501d9672f3b92796a6754b8d8d9cb4c617fec9774889220
xochitl.holloway73321@gmail.com,d86dc6e60b0632e30f2a78abe922c238e913dd5c74f76df6dc935f1ec73a5df6
teresa-alicea35@christ.sydney,e067e8beb3a29632e1a9c1a074dac8b34b7fd3a6eb8851cf0111a3f409345f93
nikki.calhoun@causing.com,519ba91a5a5b4afb9dc66f8805ce8c442b6576316c19c6896af2fa9bda6aff71
gerardo_allred1815@yahoo.com,972964b66bdfe6b5b181c5112a6a0470204f64661ee7e3efb9aab0ce3cc403ff
tracie44509@slide.com,3be7a505483c0050243c5cbad4700da13925aa4137a55e9e33efd8bc4d05850f
gertrud2842@apply.com,8c673a0108578213eb4368ed8f9d3799b3a5c90053c53b2e53c5ba4b60174cf6
lissettesilva7@hotmail.com,4674309091fa4ce073a21bee0c4d994505e0a17e13600ba0435a540208a37a6c
julio1@yahoo.com,e111a1ef7daa8597240eda0ad482ba99ad09b4f84c093bde80063a23fff2cfde
miranda_mahaffey@yahoo.com,dd130a849d7b29e5541b05d2f7f86a4acd4f1ec598c1c9438783f56bc4f0ff80
chaseterrell6@gmail.com,d92e06b325d24423dd187a0101924107ace8b367379b12c2b8608ddf843cf435
broderick.bayer@hotmail.com,be178c0543eb17f5f3043021c9e5fcf30285e557a4fc309cce97ff9ca6182912
shanikalondon56266@gmail.com,f5a38e4245e1c0094edfe353a8d77577f61031999ec900c57de05640cb5459d9
alaine.haines@ko.com,d2a1ba788399c8d1c1273791c5d9937a0b844247425556a9464677ac6dbbbd1f
lilli8960@performance.is-an-artist.com,cda3c373f19f1c5114f0f6ece4762cab9c78dd494191d19252e1ef5f4342a146
hsiu40397@yahoo.com,e6e62ee55819cdc13126a8633ee8c43eaf48abf491cbca92129ddf5505b70bc1
sunny10@faqs.edu.co,07307784035fdc5cb2e003cb3d905a4782d034858b6a4699bf26c9804a378cae
mireille74@lou.com,58972659401cbee9ac0c6f92382c5cabc26bc5ea44ab8902b68c4363672fafb9
reagan0760@imported.com,a01edad91c00abe7be5b72b5e36bf4ce3c6f26e8bce3340eba365642813ab8b6
jodie6442@hotmail.com,f5903f51e341a783e69ffc2d9b335048716f5f040a782a2764cd4e728b0f74d9
debby1230@hotmail.com,10fe82adb964fa73c3c60be251181c421193f56ae01ba671974d82365a08a410
porsche5770@gsm.com,3a7bd3e2360a3d29eea436fcfb7e44c735d117c42d1c1835420b6b9942dd4f1b
vernia_morrissey5@hotmail.com,04e77bf8f95cb3e1a36a59d1e93857c411930db646b46c218a0352e432023cf2
kaitlin.bracken1655@gmail.com,cf0622ef2a661cd2f11b0b644e40e4e00eb962918424a8c8ba53842fdf290235
remedios_richard@gmail.com,1cf18a243c25a56a993c8207d1161a9c2de5f34b952d382704b94dc5e888b108
rachael8074@yahoo.com,a3d92ef00ea150ebe63e6010f733567b904c0e5a34e660096913a1f341f793c1
randy35221@hotmail.com,72f4be89d6ebab1496e21e38bcd7c8ca0a68928af3081ad7dff87e772eb350c2
sheldon-baxley51@yahoo.com,c58dd0a3760008c901839e21a0a5ae6cc92e3765513823ca9553e6ef5f733b36
cedrick423@sao.com,cea6e08605496fcf871946f7ee8d5f26bfe32eeec8fdfd614d152d1bd3e6391c
eugenia277@forwarding.com,cf80cd8aed482d5d1527d7dc72fceff84e6326592848447d2dc0b0e87dfc9a90
fosterdibble2@headed.com,79ea9358181884637163fbd61c06b22150f429636bdded87bdc70067db2396a4
kristal-armijo@oz.com,3be7a505483c0050243c5cbad4700da13925aa4137a55e9e33efd8bc4d05850f
myrnacanty011@portugal.starnberg.museum,9f86d081884c7d659a2feaa0c55ad015a3bf4f1b2b0b822cd15d6c15b0f00a08
my-whitt@thong.com,5e608d7beca7513cab18e6a396ea894f2c5466379dcc1e3888cc23d685aea600
glenna0619@oem.com,057ba03d6c44104863dc7361fe4578965d1887360f90a0895882e58a6248fc86
tonita1972@yahoo.com,d8b01b2435a39d18015cabdf20afba9ca275412f2eb117f80fb7989c4101c029
maryland01@hotmail.com,280d44ab1e9f79b5cce2dd4f58f5fe91f0fbacdac9f7447dffc318ceb79f2d02
min7834@hotmail.com,5600715f42bf51c40dc330d750cd996f58fead4ddea56466ce7498d17801b3a5
sadye3@vietnam.com,8b9b28baf5f711d6490548a84f7fee1a591d9557891122fda745c6a9cde8a226
kimi_laroche91773@stake.com,6038ac4d789347a54e09f7f4e1103733da8ebbf5cdb29b2834d3ccecb2dac7aa
isaiahward@gmail.com,ecbd105358e381d778dd0173cd6a6db10f2f136e1810797c212b483fc42a02a2
darline_desimone@hotmail.com,81fdff283ec2829b4002384ad18370f64e7a48618c45058e3d112d965e27f72e
bryanna-riddell1046@economic.com,c23ad6f18412014673b2d04794ca038ef6767fe94afe408dffb775362fe07e68
angel75386@module.askvoll.no,195f33b50fa62ef2bd3d89227ecc1219419e3b907579718541f22cd1b1f1f5e4
theo-cosgrove8707@utilities.com,e4ad93ca07acb8d908a3aa41e920ea4f4ef4f26e7f86cf8291c5db289780a5ae
janel4@yahoo.com,f83cff8066af378d59395fa91278096b180f836bcc17ea2a2744a847debdfae2
norrisrivero@hotmail.com,80d41c54a8ce6d26ae0bdd509db6b187140cae39b4b771269a0d006b0620e2d2
kerri8@yahoo.com,bd3dae5fb91f88a4f0978222dfd58f59a124257cb081486387cbae9df11fb879
gricelda6@funds.com,5fd924625f6ab16a19cc9807c7c506ae1813490e4ba675f843d5a10e0baacdb8
agnus-borrego90@anything.com,22f3ae2927952fc2fb44ba2d9e1e6da1ad7098bf02511c8e98155e5574873ceb
rutha69767@trackback.filegear.me,72d0166b5707d129dc321e56692fe454c034552ee9e2b38f5a7f1c1306a632ea
georgianncruse103@fraser.com,2cf24dba5fb0a30e26e83b2ac5b9e29e1b161e5c1fa7425e73043362938b9824
pamala-mckeown7387@hotmail.com,4d4f26369171994f3a46776ee2d88494fb9955800a5bb6261c016c4bb9f30b56
carina_calloway2@hotmail.com,e4ee06d13f52021bfbfc793ebce404608a0efd7786e1accad9d113d099fbab48
maureen8958@mae.com,bcb15f821479b4d5772bd0ca866c00ad5f926e3580720659cc80d39c9d09802a
teri_clemens244@keyboard.com,7dfef7aed2105b7eceb4d34e1ad84fdad4693bd5de041e1b47079efeb6001a83
frederic-lord9@mv.com,c6cb50e7eea0df1fd3eaf52ada2358f5423afd7c0b5ee2395231a9b3208ffcaf
dudley_troy8515@commission.com,74fca0325b5fdb3a34badb40a2581cfbd5344187e8d3432952a5abc0929c1246
antonette_wolf01329@yahoo.com,3f56e90b04e7a4b50e3ec2446c13055e9cb1d0851c17c9ce8a52ea3ca76623cc
tillie_okeefe@hotmail.com,fc613b4dfd6736a7bd268c8a0e74ed0d1c04a959f59dd74ef2874983fd443fc9
miquel_somers94@hotmail.com,a48fdf8507eb98e7b05aa143a93cbad2c6a5db3e18cfd3a51b9dccb7bf364108
mazieredmond@yahoo.com,054da1e8bc1cb20b4504d603ca6154d353cedb698909503733343bb3f22161c1
helen069@headed.bearalváhki.no,d0784c6b1785dcd474688d46b1fe99792ff66f6b56bebf26dda0c08516bac22e
josie.denney2743@chase.com,7e071fd9b023ed8f18458a73613a0834f6220bd5cc50357ba3493c6040a9ea8c
dianedanielson93285@dts.com,85f5e10431f69bc2a14046a13aabaefc660103b6de7a84f75c4b96181d03f0b5
valarie-holguin521@yahoo.com,06fca49e873e311ce7dac2de09b1f01193b94248daff30b9ca7a1ef7c6dfc471
maurice0083@gmail.com,481f6cc0511143ccdd7e2d1b1b94faf0a700a8b49cd13922a70b5ae28acaa8c5
ivey.beeler2@continuous.com,d17f25ecfbcc7857f7bebea469308be0b2580943e96d13a3ad98a13675c4bfc2
cornell0087@parameter.com,85f5e10431f69bc2a14046a13aabaefc660103b6de7a84f75c4b96181d03f0b5
tawny-schroeder66@hotmail.com,1e84855630913c012d541a4720d243e6d07e8131ae47ebc69c5b0e11c36e6eee
guillermina-haas6@dual.arts.nf,2070f725ff1c765b73c498de52bc419377979691f6100de3ed99794aeb40d988
johnsie3206@gmail.com,2e4b9cc2428beb7bff6a56c14d7304e472a23e890e91ef0a6b0b0380e89f9734
jon23284@awful.com,8c673a0108578213eb4368ed8f9d3799b3a5c90053c53b2e53c5ba4b60174cf6
mathilda_head7356@gauge.com,b82e723b461323374c1eec211e066dc7a1c2130fe36c906e4bec5cc45109c248
iraida_coles@gmail.com,60a0f78b507f6249a6e29eee34f3f2940188b0b995715a82a03469f5d1586275
stefani_minnick650@hotmail.com,2be4e33aa3e21f6ff7ad144f8fd58228a1cce3b50340b4805ff0c63480eec488
zola-talley@apt.com,1c8bfe8f801d79745c4631d09fff36c82aa37fc4cce4fc946683d7b336b63032
marget.quezada@yahoo.com,793da17aec26d53f08e3ddcff38c18e08032a6372468a4a6704a3ba86a4fc155
frederick.barrett@hotmail.com,000c285457fc971f862a79b786476c78812c8897063c6fa9c045f579a3b2d63f
jeff.hedgepeth7742@yahoo.com,d1a4be19b3cfc283dc5e90b64b4cc6349da616d456cd0a993e3d378845bdbb53
pilar_wilkes@myrtle.com,a459891617d735655dcfed3e37db66fa07f0175866ebf35f9de8ccc59c0840bb
leena_groce@gmail.com,b371dbc4b0268fd4fb467c755690433d1c50348b944b696087a8700a4235217e
cecillerivero61966@hotmail.com,c604dabc9591840978d2585238a908898b22e3337b207dc722ae208eb204c291
paolakeyser@consistent.com,ed02457b5c41d964dbd2f2a609d63fe1bb7528dbe55e1abf5b52c249cd735797
grady40@gmail.com,104f24e15f4dba76498bb256593dc6d95876d881ee2201ff369225b6d51e8b45
reed-silva3@hotmail.com,af41e68e1309fa29a5044cbdc36b90a3821d8807e68c7675a6c495112bc8a55f
marvin_meeker@yahoo.com,f95fc9d255314deebeb3e3be8c7a926caa4e2415c6372befaa8fd6f069b7c4a3
morgan-lambert@mask.com,ed45d626b07112a8a501d9672f3b92796a6754b8d8d9cb4c617fec9774889220
julee6@locate.com,1057a9604e04b274da5a4de0c8f4b4868d9b230989f8c8c6a28221143cc5a755
nada_warren509@yahoo.com,5600715f42bf51c40dc330d750cd996f58fead4ddea56466ce7498d17801b3a5
akiko65126@hotmail.com,710c3906ca8b54f86c9e020d989792d03b9a0d8904d7b57b3f57e74ab1746625
ivelisse-morrow428@improvement.com,c9564c5bb75297ec0dcfcae08a68c2e9e7bb9aae9e8639b0b6d93e02666903f0
joesph7469@yahoo.com,c49b876c05fd376922883ceaf5b7e7871ae4ae9f24e79958f3fc70efe114627d
horacio_lerma@yahoo.com,0829103205fbe7963996bfacbaeaab326bb8eded5bd97e9b677f7c05fbe44b5b
marionleatherman@ibm.com,b7395530e4ed55cb6a5376ee8481f603d18679ce4c53b87b1146a9edc11fce1e
sasha-nava80@sisters.com,a32d9d7c6187886c3b750722bdae1514fc990af3bbfebdce881fe9c2ce700097
douglas68@actual.com,d618fb157a4b382e92fcd4a830c5fa8adef45a809543c524f7904e38f867dac8
edgardo-abner15061@colonial.com,be392b792809651cdec3485da4357568972ceb4cfd939c4bf5e5c3d011b04837
yon_champagne-conrad@yahoo.com,c94bb5f268d814b7ebe7ea96321013e23ce47e48cb418302a60f2d231519437d
marisolchase@accompanied.com,d81bc59a7f48ef98c648c68e6309db34f0f517978bf6d967e6a37ba31c53ffcd
xavier68@isp.com,0feae16d55365acf07fe9f909834361ba6ee606854746539230bdc84a6a24cee
cathern77@really.com,2e4b9cc2428beb7bff6a56c14d7304e472a23e890e91ef0a6b0b0380e89f9734
jayne11639@blocking.com,e9cee71ab932fde863338d08be4de9dfe39ea049bdafb342ce659ec5450b69ae
velia.coker@yahoo.com,7499aced43869b27f505701e4edc737f0cc346add1240d4ba86fbfa251e0fc35
emerald6@marriott.com,c7c1319276e936c8d64f1d5ed80cd8a0cf54e6dea7b0125533eb4163e03a2c11
britany.derosa@elite.com,4a2b5e1822ca11588586eb912320817f3cf0c11cd5ec8937e78a8209505f4e84
adrianbarela3866@yahoo.com,22f3ae2927952fc2fb44ba2d9e1e6da1ad7098bf02511c8e98155e5574873ceb
delena.mcmahan@revisions.edu.au,fe384adb7e67d54e973c65b0174e3de5d8288e483958da561d39c98ddb1cc5d4
deidracouncil005@albert.com,208ad55e4c4200ca42a73ab260efd6df57efccc95aad25fe4d1f378e23a0acb6
kayellis0518@prague.otsu.shiga.jp,2db76f21528566a3f39cdaa9f9c8794ae3193e62c8262fd1a476d9cc335f45b5
lucien3@yahoo.com,44e8dd36c54ce8a436e35ca82398e2f5d93f951c2e4eee39348c1fc8a56b7267
phyliciaburrow@gmail.com,9e69e7e29351ad837503c44a5971edebc9b7e6d8601c89c284b1b59bf37afa80
ismael18@assistant.com,81c52b4457b4966544ec582f4e1e6d2e72ec7091ebe68172b2d4dc634998719c
lauraleewatts20040@hotmail.com,2daf0e6c79009f9234ed9baa5bb930898e2847810617e118518d88e4d3140a2e
denishacamara26649@hotmail.com,debee2ea79c08054276bbe1a28bc909e7878235fce05fd7badbb2d80168e9b2f
clarice-mcdonald10@reverse.com,628612b803c647a7de70f0306c6bbc489d8b75e6ffef150b70a1553a5a7abbeb
jesus-phifer10657@trail.com,51b912f34ae18b4e5ad349f50bc6fdd8d9a605d09bab4f302a09c7f790854296
macie64313@hotmail.com,ff06535ac1029cca2fc2b86ac7355a7b4e0b8d839fc76b51d30833f4e1347ddc
chantel3@cliff.com,1b24e0c17e952e4c7caec5bfab3d9d82c41943dbb30c23fd3234b477c2451602
herta.albright-newberry79166@excluding.com,000c285457fc971f862a79b786476c78812c8897063c6fa9c045f579a3b2d63f
johnette86507@gets.com,196c562cb5e78e8cb10c66466868ca8b40ad7b029d8ecef850b717cebe055eb5
marquita.tinsley-tisdale231@yahoo.com,73d1b1b1bc1dabfb97f216d897b7968e44b06457920f00f2dc6c1ed3be25ad4c
pearline.watts@gmail.com,5600715f42bf51c40dc330d750cd996f58fead4ddea56466ce7498d17801b3a5
marcelino-antonio69566@gmail.com,a320480f534776bddb5cdb54b1e93d210a3c7d199e80a23c1b2178497b184c76
lavernaverdin86620@tremendous.vision,82280bb7b30905f97322961a56e3c119150a246cb47293607c23385110c73d52
reed.root-ridenour@yahoo.com,dffc504aa55359b9265cbebe1e4032fe600b64475ae3fd29c07d23223334d0af
danteschenk59036@yahoo.com,8f27f432fcbaa4b5180a1cc7a8fa166a93cda3c1bce6f19922dd519d02f4bb39
brittney74@developing.com,fc613b4dfd6736a7bd268c8a0e74ed0d1c04a959f59dd74ef2874983fd443fc9
genoveva3@merchants.aogashima.tokyo.jp,f38a5076e7938612c4a5b7b601d6b8ac178a325d1f0bd03c7d3605756e26cc4d
arielle-conover@hotmail.com,196c562cb5e78e8cb10c66466868ca8b40ad7b029d8ecef850b717cebe055eb5
deloislock@rankings.com,3d553499ef2d0924b7f878f1d3dbd5ca08662d428f28b0090113fe5ade93e556
maynard-laney3@achievement.ht,ed49887b003c3fc77e98e329dd814453eeecee252775e8f088d27008d81c71e8
lashandra90564@oliver.com,9ed142d60c4571b67f1468ef4f75950a60a1d8dc1c38075cd0d13c80fea7aba5
migdaliacalloway8@charms.com,07307784035fdc5cb2e003cb3d905a4782d034858b6a4699bf26c9804a378cae
debroahmowery76642@yahoo.com,a92f6bdb75789bccc118adfcf704029aa58063c604bab4fcdd9cd126ef9b69af
catherine6@hotmail.com,834d79caa6e0efb1f91df5d913653bc82decc238c6781b61213c848d320afab6
marceline-barron@compensation.sor-odal.no,ce1d801d152db837c0fc85ec31d69aba1a610d18a7759851d8cd07adaee9d8fd
aurora.burdick@somewhat.com,68487dc295052aa79c530e283ce698b8c6bb1b42ff0944252e1910dbecdc5425
maurine_moyer39831@females.kagami.kochi.jp,30c5461fc27b84f1f1ad0a83162a26882b22d11cdfa45978dd21c810056e8d0e
regena.maness@split.com,df4ac416257333cf770e5b162da9c2a06b37e428d0a4035ec3a0f114df08d231
dusti-hawley@yahoo.com,3fe1f7584833183e2da842b2f18123186919d4aa9828dbebdb3956429d9607bb
yung55@hotmail.com,2be663431f0072506a04499c2ac99c3232e7adbe3fc679c139a0609aace61bf7
norahvelazquez@gmail.com,72ab994fa2eb426c051ef59cad617750bfe06d7cf6311285ff79c19c32afd236
ashleighrupert64@yahoo.com,ef92b778bafe771e89245b89ecbc08a44a4e166c06659911881f383d4473e94f
coralbattaglia83068@government.com,95fbeb8f769d2c0079d1d11348877da944aaefaba6ecf9f7f7dab6344ece8605
calista3@gmail.com,1cb542228c76558789d114d3cb273a75850cca54ec3ee9a41100f2dc56ee561e
hector71@yahoo.com,b6197fe0d62a4e463edd2925382d4d268c4fce0859378682608efa4fda326f26
haydee-lehman@hotmail.com,8529ab6899015263573df683e57a9de269d60d38f9a5493152e1f53e8c5c2730
felipa97@harry.com,a2470c9d137c1c5d3567d1180a64cb43a9269c4d6f1ff13ac8cdbaf6fc5df3b7
shantaemahan@supplements.com,b4def8217cadae26d4da633fd2a4e58e326cbb5d570afdc3989484da07af3579
ginger_levesque2369@hotmail.com,a0ec927b1044a5e945fbd9cf4370b4be1bc1ebc93bca51bc37f02a8814196bde
edison-weddle@breakdown.com,556f07d09850995fb0e725730dfc84c6e5a6d2a819669197955c4493a9f1eb03
coral_hermann@porsche.com,10910087de24bfcabe854fda62b5023a61fe531705043b9979fdf00f12c4c0ec
taina-mcinnis0452@terrorist.rep.kp,08775183b0ecf9d8b7e7911521679e9afb0b287508a2d116f2cc7c77fbc45088
daphine.worthy52@yahoo.com,8e0a1b0ada42172886fd1297e25abf99f14396a9400acbd5f20da20289cff02f
melany-embry@yahoo.com,5aa7ae42bb3078ad03a392a9bfb9cfecec614c64c2ca83da298ede69430e574d
ingrid00090@newfoundland.com,d2f129dd306d1d7a43fcfe047ef0dbb28275f5ed65f4636a28e2cae37b81d095
sandra89@ham.com,03ac674216f3e15c761ee1a5e255f067953623c8b388b4459e13f978d7c846f4
patrice_morton@hotmail.com,1134e4f4a13b06aeaa8471f934589a3e180bf3fe432e32e1f9454e76a90077e7
simonnealmeida@madonna.4u.com,9d82529905cccc378c5b93cadaa0e57869d4da07916c8282a4e98a22c8f6a39c
jeffry.mcclain22@gmail.com,c34ce311989d8bf0a65b9272905811c857e8c975313327c3deca09d3f95409e1
irmgard-hester@hotmail.com,f08f448a5e7a9dc3619bb7c129f6a7d5fc6af002cea17ad71dfdc1c68f4d4e0e
renitaherrington@gmail.com,123fd666aa39d376690cfa6570426d3585c188b291bc87acf47b84e3fe822102
babara-kitchen897@gmail.com,5944ae849448011ca08c3785f1de1a54c8a96d6c23f787f9d962b624edd4151d
jacquelin-fain3467@hotmail.com,77c669164c377e39f7854d786c26b0b785d7b8ba2e1a43db978baeed24536a24
ana.wetzel46@folders.com,e1fc45f7880e0505ff0b6a079b9af149f225e260f59b1d20225357a8cce8ffd8
edgar81@select.palace.museum,249d1f9cb846410c407c6569aa28ba7ac9f8cd6d95685ba6321a627fa0997db5
carmamoll95@yahoo.com,3be7a505483c0050243c5cbad4700da13925aa4137a55e9e33efd8bc4d05850f
ellan-loveless@yahoo.com,ba29297b6c4f8486cb3f92f5ff09f93ca5e16ceb198d9b5e159aa0ca47f94033
israel4008@hotmail.com,510133fe029f3f0771ce22793daed8de767e92fbabc5ebdd004a48105fff3fe2
francis.cushing51798@nokia.com,a30c89b446e0e8ab6b8c00c986f586c1ce378aaf0c5348c660e3ad1779be9886
fidelcoward@gmail.com,7e8eea5cc60980270c9ceb75ce8c087d48d726110fd3d17921f774eefd8e18d8
britta-glaze5@hotmail.com,60a0f78b507f6249a6e29eee34f3f2940188b0b995715a82a03469f5d1586275
shaunaham949@lat.com,26a05370613ccf56c10ddc2439e319dc808aa9cd14ea8e1b64bde0fc602d3c9d
norene.trevino0307@yahoo.com,22f3ae2927952fc2fb44ba2d9e1e6da1ad7098bf02511c8e98155e5574873ceb
bettyejoseph7@gmail.com,0d05845a31cfa01390dee7a91fb7c8ee2590fcee7875fa9a80583e307f10e4f7
lory935@hotmail.com,d22f115abd6b44f9985037cfb39d6e1ab2db87a470d3e1081196562d420b8e41
bernie9@yahoo.com,f02c96357481972443a2eb6d2861c803fa7790fb7d0225b2f54b6beba964f4ad
valarie159@reuters.kagami.kochi.jp,fd216818cecbc78c0aeb274521b1501a01a2226a23a9a6922abb824b12dd86c4
elease6448@usual.com,f83cff8066af378d59395fa91278096b180f836bcc17ea2a2744a847debdfae2
vinita.seitz867@brazilian.com,6ae95ca5f8098007fc09f75761e85d4d1f6c9dc16e3f1679de4196127b0387b7
jose_louis81612@moldova.com,dcd79ebce907b98a97ac818318c9e467731e44068412590ea34280dcadcf02d9
janeth_vang07@yahoo.com,e3e93b60bd722ced25a041f65afd4e396e2bafe57e0c3de0c8b6b0aa8b054506
hang.giroux08094@gmail.com,337b8d2c1e132acd75171f1acf0e73b20bc9541720d5003813f59ef0ad51f86f
dinaestep@ext.com,054da1e8bc1cb20b4504d603ca6154d353cedb698909503733343bb3f22161c1
cedrickweaver@auction.com,4d9cb7a511c6f91c59281da6b82487e928c90b9f812f688b78ed7d6139719bdc
claudie034@sunrise.com,a0561fd649cdb6baa784055f051bad796ea0afef17fca38219549deeba4e8c1a
jorgeburgos@hotmail.com,d0784c6b1785dcd474688d46b1fe99792ff66f6b56bebf26dda0c08516bac22e
vadaphelps@gmail.com,f83cff8066af378d59395fa91278096b180f836bcc17ea2a2744a847debdfae2
hertha367@crawford.com,a441b15fe9a3cf56661190a0b93b9dec7d04127288cc87250967cf3b52894d11
lacy_reynolds0081@gmail.com,56fe43f748e258de06b4955e2b8978bbc1c28ff9ba53917387d6dca8fb920018
kaseytoledo@yahoo.com,1c8bfe8f801d79745c4631d09fff36c82aa37fc4cce4fc946683d7b336b63032
annett_gil8@germany.com,1e30b14a8001c7393bcd26b1d6e093a55b527c57edbc4676ce8f3077a777df6f
ariel3@define.hichiso.gifu.jp,2886b0b748b7eddb7e5f8f1e07f19997061156cd03320cc8b26576957e346f19
elisa_forrester2@daisy.com,9fe93417853739c1c18c2e8b051860d1a317824f1aa91304d16f3fe832486f7a
taina4@delivering.com,ecd18c6a66631988cfa1ef186b61d729c1430c3e1a2503c3d83167a6d95f7b95
meda-stallworth8@gpl.com,b23a6a8439c0dde5515893e7c90c1e3233b8616e634470f20dc4928bcf3609bc
gertie_kaplan@advisory.aquila.it,95d9daee3b0998effd79f11fe4509bc010931002ee4e2ee0b736de1f8a6ae7f7
angelic_mackenzie08@hotmail.com,2780b8eef998d6eaca5dbfe00e4043e626c79bc214195e1848af17a85d51519c
cassie-gaytan8@recordings.com,74dd730b5c36c1cb4fdbb4bce1764c57f260190f94ba52d877308332f1dfe363
renna-lindberg28770@pending.finnøy.no,377f5566ac747710aaf6d412b733c194536a3bb76011b9daa65e465091ac53ec
deana567@yahoo.com,519ba91a5a5b4afb9dc66f8805ce8c442b6576316c19c6896af2fa9bda6aff71
coletta_waugh012@test.camera,3ef81cb18bdaac2f67a114146b7f9c8da4bf8ceef8021dfc2da4daa8c1416e52
tawny-lamm08@hotmail.com,9c15e816069946fbd20bed0935dd9d8e34d64034d657a2b852f8b66ad91af5b6
maude.berry-mcinnis@yahoo.com,6ee4a469cd4e91053847f5d3fcb61dbcc91e8f0ef10be7748da4c4a1ba382d17
rhett.biddle45649@commons.com,776488775500737b9e1072f1b38e50a1c9561c2a6ccf5d3e3ca4ec575a864192
chandra132@yahoo.com,d222a18d6474d0819d8ee5da0c2c524f31ff0903a4e6abc3f7957f84f1ee3f0f
eliz-kellum@composed.com,cdb59355f3ba293977fc0945fb85f11822d412c45c7520c7121bd2234f6c1f48
walkersteele@purpose.com,3fc9b689459d738f8c88a3a48aa9e33542016b7a4052e001aaa536fca74813cb
hee-fogle@pictures.com,72f4be89d6ebab1496e21e38bcd7c8ca0a68928af3081ad7dff87e772eb350c2
debbie93@hotmail.com,1411242b2139f9fa57a802e1dc172e3e1ca7655ac2d06d83b22958951072261b
joella_hildebrand@thou.com,64b4d0f47c93ce23d157e68a58767356283dc9b63c459d45d0e0e39b3a64b9b9
nakesha-cantrell21145@yahoo.com,b3d4cd641cbb8123b7e269854e9fccde3a3722e891a1d1e90a51768b3000eafe
chasity-hailey-bunker@hotmail.com,2df84a679ae22f29fcf4db23ec02d318e61e16e1bbe36a7aa3136a516febb611
veronika_bratton@hotmail.com,8360632a2b41498c6f979a15aced6655a2857f259533e77106228c683c4ab5af
lacicato@yahoo.com,dfef5e53f9848472560a3e680a310d097ecc75919740646df38d31cab7aa07ac
ann_huntley@locks.com,01d027f99c658a86308f5ce4a721933a123462294983951e262d74e5b2dab989
evon_nesbitt@lawyers.com,fa5bf879acb91bd614cfdbcaff2dc80acf09fcaa3a1cbc137deb406ce5978df9
cyndi.link671@wondering.com,9c6d405bba2db24bfbd22fc7ff74b39bd9c5e9c6ce66299c6519be517e6ed7c6
lakeisha613@gmail.com,dfef5e53f9848472560a3e680a310d097ecc75919740646df38d31cab7aa07ac
teodoroalvarado4@gmail.com,9499e6aeffb2f5998ccd48fd550a2a74254575187d72e5fa0e8707edaa115de2
shirlee_pham@land.com,826d351f4fc913a4377c90a658119bc57a5bb231f21ce6f71fef7c262d9b2f97
julia.arellano30@download.notaires.km,08775183b0ecf9d8b7e7911521679e9afb0b287508a2d116f2cc7c77fbc45088
angie.hutchins9@hotmail.com,b6ad34b0b6b7e38f878a513b3f7927ebeb4cffb01aeb6d9fd9f9ad67fbc76517
tish9441@yahoo.com,ee0874170b7f6f32b8c2ac9573c428d35b575270a66b757c2c0185d2bd09718d
bethanie-lira@old.com,0b14d501a594442a01c6859541bcb3e8164d183d32937b851835442f69d5c94e
rufinasloan@gmail.com,3f56e90b04e7a4b50e3ec2446c13055e9cb1d0851c17c9ce8a52ea3ca76623cc
xiao_askew@yahoo.com,72d0166b5707d129dc321e56692fe454c034552ee9e2b38f5a7f1c1306a632ea
helga.negrete@hotmail.com,fc52fabe94c0e037d2df4498e87481a6438960c9f73d517584a7a5c564535ac4
cody.duke3@gmail.com,c9344c5f1079f7ce9b007e604829f7e8e4516e9132e098ebd58e2cc7f2a5fd4c
ok372@wife.s3-eu-central-1.amazonaws.com,09c587fb282c3423f0867eb10c37a6fd4e3a157865efbf7bccfd51621e9940c1
lieselotte-shores55200@yahoo.com,8f0e2f76e22b43e2855189877e7dc1e1e7d98c226c95db247cd1d547928334a9
laurenrojas@gmail.com,3ef81cb18bdaac2f67a114146b7f9c8da4bf8ceef8021dfc2da4daa8c1416e52
jarrod-harbin@yahoo.com,8745f86640ad2ed6b8a2fd428845df3daa1cfcdba9ef74c0cfaa57cacec34f5b
roosevelt.fierro@yahoo.com,34a04005bcaf206eec990bd9637d9fdb6725e0a0c0d4aebf003f17f4c956eb5c
fermin-lambert373@yahoo.com,0729563253bc11cb72714d61132adfe7ba2346b581b02546c9ac4a65fc0c02d8
alvera52661@specialized.com,8d2ac8b58ead9744d77286de9b0bcb7a894f238c3149fc9f3b1e3caff36330fe
andersonwentz@hotmail.com,e0bc60c82713f64ef8a57c0c40d02ce24fd0141d5cc3086259c19b1e62a62bea
willowgilmer@gmail.com,45d7c42cb65265ae97c298d439c18e5293d6615a66627b382d04491113afd794
bok_rico08181@checklist.com,8548d75fcb3a2a275a1ba868a36f6a26e528f16b07aa7d8006616ad090a9b349
nickdallas@elect.com,f15c16b99f82d8201767d3a841ff40849c8a1b812ffbfd2e393d2b6aa6682a6e
oneida.trout235@valuation.com,44e8dd36c54ce8a436e35ca82398e2f5d93f951c2e4eee39348c1fc8a56b7267
buford16640@gmail.com,58f87e265d97de141076d2e770459f51f20b32112139a0f7dc27b7d7803465db
ina-moreland92@under.com,9fe93417853739c1c18c2e8b051860d1a317824f1aa91304d16f3fe832486f7a
lamar368@eur.com,d8b01b2435a39d18015cabdf20afba9ca275412f2eb117f80fb7989c4101c029
stefanie39817@hotmail.com,d4df2ec253dc95b3455b77b158630202b15e5e509c6bd341592b3019c62fbf90
bertha-vetter@diameter.meguro.tokyo.jp,ed49887b003c3fc77e98e329dd814453eeecee252775e8f088d27008d81c71e8
julieta010@yahoo.com,f5903f51e341a783e69ffc2d9b335048716f5f040a782a2764cd4e728b0f74d9
mittiegutierrez9962@ls.com,0b4bd77cec705cf5df016344c0fc673fb3c2240078e6af572b2c5c6fa76114af
mandy-hylton977@gmail.com,bd938c688f49b77c7fc537c6b9222e2c97ebddd63076b87f2feaec66fb9c05d0
yu.colburn@interactive.com,a384e2f868dbe2347844d303784dfc82b39dd32d40e322f8941e20c1775846da
derick-peterman@gmail.com,a941a4c4fd0c01cddef61b8be963bf4c1e2b0811c037ce3f1835fddf6ef6c223
curtis-dahl59024@warning.com,aa97302150fce811425cd84537028a5afbe37e3f1362ad45a51d467e17afdc9c
arlyne4@delhi.com,7e8eea5cc60980270c9ceb75ce8c087d48d726110fd3d17921f774eefd8e18d8
alfredo_villa@granny.com,054e3b308708370ea029dc2ebd1646c498d59d7203c9e1a44cf0484df98e581a
melida63606@yahoo.com,a0b7c245fab334467e9508386bdccbf953957d01043ec043da915ad993766a48
candanceashe@calculators.com,556f07d09850995fb0e725730dfc84c6e5a6d2a819669197955c4493a9f1eb03
ria18@gmail.com,26a05370613ccf56c10ddc2439e319dc808aa9cd14ea8e1b64bde0fc602d3c9d
cyrstal.leal24@dem.com,0661652820890613176da180316c4cdbe82aecc68cb8426f983d2c846d3f498e
lucille.keating@yahoo.com,28f0116ef42bf718324946f13d787a1d41274a08335d52ee833d5b577f02a32a
renna_baer0321@gmail.com,dbc4a04327176e6577b4da46df04564150053960eba5d89587dad1f76a818d80
romana-mcalister60171@gmail.com,481f6cc0511143ccdd7e2d1b1b94faf0a700a8b49cd13922a70b5ae28acaa8c5
leopoldo_zamora@antivirus.com,932f3c1b56257ce8539ac269d7aab42550dacf8818d075f0bdf1990562aae3ef
heath.leigh@consecutive.com,47944637b32facc94c1c49b32202b63e23b6ea7f225baa1d89868b3ff32d4a1e
lydia562@gothic.com,0422d42c689b7e8046dba2d7042e855f6d21e04464bab168fd263f5b10f893ed
xeniamoran66080@siemens.com,b3d4cd641cbb8123b7e269854e9fccde3a3722e891a1d1e90a51768b3000eafe
nathaniel-hurd261@gmail.com,b5610de1f6ffecc890aa0a487b94a60ebc5f3190a6b8df7a773b87059826ab47
kylee.wooden@hispanic.com,631ffa50b59a0051744dee00a0b9194d44b357cc91fc7595628a867c133f2102
doriwitte786@spanking.com,818efe46a6c2ddb95df1bdecd7869fbd6ac790f24182f681cc6b7edf43ec7b69
sona.hurt31290@hotmail.com,f85b43067a280d4cc40f89cb78d8efff6e908727bc3cb43a9ae72b400d2eecc5
melonie.rivers@boulder.com,bd938c688f49b77c7fc537c6b9222e2c97ebddd63076b87f2feaec66fb9c05d0
aron4308@gmail.com,e54fc6b51915e222ba6196747a19ebb8dfa651fd2b46a385a0ded647fbfefda0
naomi1@hotmail.com,5d72436256ada53828b51895a94bb8489e9f1ac4fe937a8024ef1594e7045ff6
luciana-getz9868@arrangements.pl.ua,a6c70cf4d6fbc0678b5e040b85e389880eeaa8d6dd855cd8a6b3721cdc3d69f0
trang1465@restrict.com,02d32f28a881b6966e7fcfd58b6b261a0cc5f50fda0e43f637cb6f087bdf3ed8
dustyfalcon9516@hotmail.com,b5ad121307b9c486471d1d2e45bbcfa70cf31125e2049c66f658bcf40016c84e
melia.quillen@dry.camp,d17108747e922613fe66bf5b0ec450801f513b92e91d7838f0b739df9f68ba98
zachariah_armstead3@pst.com,bbdefa2950f49882f295b1285d4fa9dec45fc4144bfb07ee6acc68762d12c2e3
garnetrome30@gmail.com,1a2d3e3e226b8c72dccb920c5b2f4ef7fcd7c4a58a9e26c44d7d0ca8f65cdd32
cinda-mack189@program.com,a78ae4b4d2e8c1e7b6ef20f163cc194f5979d7db1a9b4b9806bffc5ee959b130
lucina-dominquez@formed.com,8be2978e343799a3747a31957706009d207d6a3de7978e63f00b2a41cc99355f
tegansager3730@defined.sandnessjoen.no,7d1a54127b222502f5b79b5fb0803061152a44f92b37e23c6527baf665d4da9a
herbert836@hotmail.com,9b97ac5e767e5393cd0eed09a8e51b6f3775eba38f792593ea016e8ba9e996b0
fredda88639@breaking.travel.pl,15acfdc75fdb88851487238cd8442c5ecc8e0c31868ce9f52a4e2361ba899f2f
alayna60@yahoo.com,a84571394b5e99fe70aae39ece25f844acbaf83479e27f39a30732e092b19677
newtonburleson1@controlling.com,d1a4be19b3cfc283dc5e90b64b4cc6349da616d456cd0a993e3d378845bdbb53
jeanine.slagle136@touched.com,c006c7e3ab14d686f63524136f1ec7c5e553d839bc01c851e4dc9de2bdbfc589
deandrea60152@gmail.com,9c15e816069946fbd20bed0935dd9d8e34d64034d657a2b852f8b66ad91af5b6
zenaida-hanna8@yahoo.com,ca52e7d1c18961a8c5b3947a54e48fbf4ee70b66ea413cf7814f1c962631fd58
glennisharp@yahoo.com,e6e62ee55819cdc13126a8633ee8c43eaf48abf491cbca92129ddf5505b70bc1
mason65@pulled.com,81c9d6128b5fcd7bbe4ba65c177388ff767a2017f971c053dcaa6f32b4d6a758
nelson.shell8359@taken.com,a7fe9dcbcafa8559ea3617a3a21af7b8aa06c2badf7322c67c5ee6b6f880cdb1
gwen-bergman6772@yahoo.com,d979885447a413abb6d606a5d0f45c3b7809e6fde2c83f0df3426f1fc9bfed97
marnawoodward@orbit.com,710c3906ca8b54f86c9e020d989792d03b9a0d8904d7b57b3f57e74ab1746625
shelia-wolcott2@occupational.com,9bd2ef7a9ddbb22386f27f5f6885f8eeef6cdf57e96bbdef0f9e0421f1ec4654
angeline_monson386@reggae.com,9d0c52ae7023170cf8437d8683aeee910389238e7792b12c08f04f15c305ca9a
heather_steiner@gmail.com,95d9daee3b0998effd79f11fe4509bc010931002ee4e2ee0b736de1f8a6ae7f7
anitamagnuson@precision.aws,8578593b9cf683d3f59e6d73b25312b62ccc42dd7d45a7749dda4e32ade8fef4
scottsoto26@positions.com,04e9418eeb500e3b1f4e12e5fc930d7f2833c2b0cfc5e1cc9d900729effa0744
jo-barajas14@mines.com,d37d96b42ad43384915e4513505c30c0b1c4e7c765b5577eda25b5dbd7f26d89
freddie-lister7@versus.com,a30c89b446e0e8ab6b8c00c986f586c1ce378aaf0c5348c660e3ad1779be9886
allene80@roads.com,ed12eb20000f3e53945efeb9eca0c664f0ac3382cdf93a8d46b808a990f69a79
miesha396@e.com,d50ced435359c1f2baadf3c9149ca29fcdd610e639cd6082c52c2d33bb4ab748
nancie_ison451@gmail.com,befa156f0283eb0062beb9b86e16a413e1cf8c5135e5518d5c4fa321ce0c7b6b
virginiapeeler8306@cheap.com,a57a07cb258093b2a6b4ff7819bfe31cb4666d030cd9f86aba875e18caf328d3
amado25@logging.com,34a533dfd7273a9bb03656b32956a2b1d08dc62533b11c813b28d0ef23ec8e67
catrice7@highways.com,87bbe879c7a5f5784a70384bb49fa9513a6a3fbe4c2d388635e3c87611c03fae
lilly_chisolm4720@detector.com,2780b8eef998d6eaca5dbfe00e4043e626c79bc214195e1848af17a85d51519c
elene5@relay.com,ba723435a66e490530c3efdfeac868e06fde6e35dcc43fa8528fb1b2c9411ef5
zulema-baer@undertaken.com,fcc3a23fc7232cc89c7cb0f23d8774fefb73d7dc2ab22e6a1b6b8b202b4dcc91
constancechan7@yahoo.com,e4ad93ca07acb8d908a3aa41e920ea4f4ef4f26e7f86cf8291c5db289780a5ae
stephaine-hinkle5960@gmail.com,dffc504aa55359b9265cbebe1e4032fe600b64475ae3fd29c07d23223334d0af
solange.washington@losses.com,4135aa9dc1b842a653dea846903ddb95bfb8c5a10c504a7fa16e10bc31d1fdf0
shin53776@output.com,6eccae6877cf656aa30e3dca5cd966b41ea72f7108d2b76e39753222c431961f
jeanelle.stover20@july.com,f6274d9892026fe47dd5f96f708ef8983dccc7bacf5ee4a90b2400805adaea0a
jeanine_mcwilliams0@kb.com,4d1e58c90b3b94bcad9848eccacd6d2a8c9fbc5ca913304bba5cdeab36feefa3
darleen59@reaching.com,2daf0e6c79009f9234ed9baa5bb930898e2847810617e118518d88e4d3140a2e
debby95107@yahoo.com,807a09440428c0a8aef58bd3ece32938b0d76e638119e47619756f5c2c20ff3a
cherry.rome@hotmail.com,1180412af43d78604a73f14d5a7ef83d3d3a74251ce8fb7b232043a511fbf161
greggcerda@finance.com,10910087de24bfcabe854fda62b5023a61fe531705043b9979fdf00f12c4c0ec
winfordgunderson5@gmail.com,d5a5d66b94e8da0cf63d4cd6d66cd489d78e77b697039c6c48e3ff8d81752139
bree4307@hotmail.com,7b85175b455060e3237e925f023053ca9515e8682a83c8b09911c724a1f8b75f
latarsha91@spin.com,5e0176c9d2070a5a2a22bf74b4abed303654690d58d64221ccbd022af827abc4
tam.dubois@gmail.com,4d4f26369171994f3a46776ee2d88494fb9955800a5bb6261c016c4bb9f30b56
earlene80910@mounted.com,09c587fb282c3423f0867eb10c37a6fd4e3a157865efbf7bccfd51621e9940c1
adolph-bolling@labels.com,377f5566ac747710aaf6d412b733c194536a3bb76011b9daa65e465091ac53ec
tobie.sierra9728@hotmail.com,c58dd0a3760008c901839e21a0a5ae6cc92e3765513823ca9553e6ef5f733b36
patrice.mckenna@recommended.com,30e363d3e8c59f2c1319f8d73d48e3ad26db5e087951a4d7ab809c6f5401aea8
sharri_sharp15687@relief.com,82280bb7b30905f97322961a56e3c119150a246cb47293607c23385110c73d52
adrianne8@gmail.com,2bc0659381c5a5ea1421ba9bc04f34f13522e4ccc919f8ce51d4f1ff949d67bc
filiberto-hacker@productive.com,009dba7e54048b56a2bd3725cdf85248242cac1045ffd5011fc99b03e1ae9a3c
ellie.jarrett@security.macys,72f4be89d6ebab1496e21e38bcd7c8ca0a68928af3081ad7dff87e772eb350c2
saundra.cornell@yahoo.com,1785cfc3bc6ac7738e8b38cdccd1af12563c2b9070e07af336a1bf8c0f772b6a
marietta-samson@yahoo.com,96cae35ce8a9b0244178bf28e4966c2ce1b8385723a96a6b838858cdd6ca0a1e
rosaleegonsalves60@continuous.com,2bb80d537b1da3e38bd30361aa855686bde0eacd7162fef6a25fe97bf527a25b
mamie-christmas5747@gmail.com,818efe46a6c2ddb95df1bdecd7869fbd6ac790f24182f681cc6b7edf43ec7b69
rosaurafranks21030@explorer.ddr.museum,c5156f39a155dc85b08f47cc4181d75f21af40420e2c54283156c06c1d48e04c
max_muller72099@passwords.com,548a39619a812e451be4ec19229bafffbab2cccfd539c8b1e430de93edd25716
summercarlos7657@colleague.com,65872ad399663af01a592f977d521f140e8dbb83a31aad1550d07492ca4901aa
les.perez@yahoo.com,e5d503d4582229c4c9abe250e49654765c885eb49bb49df7f1861bb79fc7346e
brandon_berrios25@hollywood.com,42ef841dc27fe0b5aa2d06bd31308bb63a59cdcddcbcddd917248349d22020a3
gordon8211@sn.com,8d969eef6ecad3c29a3a629280e686cf0c3f5d5a86aff3ca12020c923adc6c92
antionette-shumate4860@capable.com,ba723435a66e490530c3efdfeac868e06fde6e35dcc43fa8528fb1b2c9411ef5
bellhamer4888@yahoo.com,67a4f45f0d1d9bc606486fc42dc4941668e71d34ee500735fe9b7ea4625c687c
akilah_yazzie09@gmail.com,df4ac416257333cf770e5b162da9c2a06b37e428d0a4035ec3a0f114df08d231
mara-butterfield@var.com,a57a07cb258093b2a6b4ff7819bfe31cb4666d030cd9f86aba875e18caf328d3
nilda65754@gmail.com,82280bb7b30905f97322961a56e3c119150a246cb47293607c23385110c73d52
jarvis237@gmail.com,972964b66bdfe6b5b181c5112a6a0470204f64661ee7e3efb9aab0ce3cc403ff
aisha174@sounds.com,69f7f7a7f8bca9970fa6f9c0b8dad06901d3ef23fd599d3213aa5eee5621c3e3
crystal.spooner33825@humanity.com,20f645c703944a0027acf6fad92ec465247842450605c5406b50676ff0dcd5ea
mirella.getz34@hudson.wazuka.kyoto.jp,1e30b14a8001c7393bcd26b1d6e093a55b527c57edbc4676ce8f3077a777df6f
millard_napier-goins12945@gmail.com,11148d8f6ad4d4f24b1a3e91b11f69d925a2bd03409bb4f0f486f13d311aea88
jillian4875@yahoo.com,2db76f21528566a3f39cdaa9f9c8794ae3193e62c8262fd1a476d9cc335f45b5
daisey_trujillo8412@yahoo.com,4d4f26369171994f3a46776ee2d88494fb9955800a5bb6261c016c4bb9f30b56
charlenemallard072@yahoo.com,a57a07cb258093b2a6b4ff7819bfe31cb4666d030cd9f86aba875e18caf328d3
cornell-baum311@rates.com,1718c24b10aeb8099e3fc44960ab6949ab76a267352459f203ea1036bec382c2
burton-gruber@yahoo.com,65c3f75641b22925c737ca657b126cd68c39e423349d43031cf9a3b9a18cee1f
renate-turley@yahoo.com,4138cfbc5d36f31e8ae09ef4044bb88c0c9c6f289a6a1c27b335a99d1d8dc86f
rodolfo_couch28@msg.trentinosud-tirol.it,eaa2bded32cc585d3f37c5319abe8890ad28a697ed66d5823f10536cc9c0fdb9
monnie89384@gmail.com,9f86d081884c7d659a2feaa0c55ad015a3bf4f1b2b0b822cd15d6c15b0f00a08
roscoe.gardiner529@hotmail.com,9bfa0b50a90e669907e78780bcc1e5e972742e0d124b30a67fbeb6371c604891
nonablalock@hotmail.com,8c1cdb9cb4dbac6dbb6ebd118ec8f9523d22e4e4cb8cc9df5f7e1e499bba3c10
randeetrask03436@yahoo.com,e54fc6b51915e222ba6196747a19ebb8dfa651fd2b46a385a0ded647fbfefda0
juliane3@gmail.com,657cd4d68c6a6e51740f32894b11446e720096f954c4faa6b7bdb708e4b8e215
gilberte358@gmail.com,1855f8fe0e94e2f8a0b09707b3159acc0be5a9f6bb1b8fc0c2e75b662398e050
gerry.hansen@stereo.com,05c5f6ef21bb02be3db6d066c4e822e07ef75b2f85241333a7cba5dec74e2d33
orville-nicholson@gmail.com,eba4ae33f54ae0f96bed25bfc13abd887ae157380330cd3fd3f0a4d054ce3a3f
carolina.bermudez5962@identifies.matsushima.miyagi.jp,2558a34d4d20964ca1d272ab26ccce9511d880579593cd4c9e01ab91ed00f325
nannie_childress71501@varies.com,15c6d611193988e468c7431229c59ce13b0407fba24f11d36c42680d7fa11e98
tamiko493@neck.游戏,dd130a849d7b29e5541b05d2f7f86a4acd4f1ec598c1c9438783f56bc4f0ff80
alizafitzpatrick41@yahoo.com,9b97ac5e767e5393cd0eed09a8e51b6f3775eba38f792593ea016e8ba9e996b0
marion27532@brochures.com,baff4fb62c8b1c5a7934aeb176930b58670bc06d1db866b398b7a511a6b90f25
nohemi_meehan@speak.com,299d6631d639256a762b81ee007deb44cdd1cbc983e025038e113a0e709d3f7b
candelaria_crowder8969@browse.com,e647708a52060743eb1dc963732cfedc1ea1db3a1785da3fb9c50dd3954fd708
houston_knox433@encouraging.com,e3e93b60bd722ced25a041f65afd4e396e2bafe57e0c3de0c8b6b0aa8b054506
silasvanmeter41073@bali.com,c2d214a484e9d44d34c0c26cca27b34d0eca755d7d7341549885efc7ef592425
emory.clemens0@hotmail.com,07307784035fdc5cb2e003cb3d905a4782d034858b6a4699bf26c9804a378cae
jaimie56@jeep.com,72534c4a93ddc043fe3229ed46b1d526c4ccc747febdcd0f284f7f6057a37858
dudley836@transition.com,69d4211f8999a5de44911f2b7fccb31dcc4b225d6f04eaaa2381a182b1a32b45
brittaney2@icons.com,6fef2d9315ca9bc36eda4039f9f2f2d02653816c55cd59de5b18bdf00282b209
marissa38792@empire.skedsmo.no,68487dc295052aa79c530e283ce698b8c6bb1b42ff0944252e1910dbecdc5425
terresa_justice@cons.lib.nv.us,18138372fad4b94533cd4881f03dc6c69296dd897234e0cee83f727e2e6b1f63
johnette36547@kissing.com,873ac9ffea4dd04fa719e8920cd6938f0c23cd678af330939cff53c3d2855f34
melania.salas-broadway@villas.com,2d4795b5a4b00eb38d1a1db9a90ffd8c8ba2e407b4e51f4271c1e4821064b04b
mindy-guinn16@yahoo.com,7e8eea5cc60980270c9ceb75ce8c087d48d726110fd3d17921f774eefd8e18d8
ivana09@platforms.com,b3d4cd641cbb8123b7e269854e9fccde3a3722e891a1d1e90a51768b3000eafe
efren.latham223@pharmacy.com,2be663431f0072506a04499c2ac99c3232e7adbe3fc679c139a0609aace61bf7
tari-cornish76933@chose.com,e647708a52060743eb1dc963732cfedc1ea1db3a1785da3fb9c50dd3954fd708
laceystarks@pan.bosch,15065d771f7c8746bd30c125f9bb68a5ec7a84fccd7f0a82b38e760f39521c05
leisha.gilley227@yahoo.com,6ca13d52ca70c883e0f0bb101e425a89e8624de51db2d2392593af6a84118090
willa4@gmail.com,65872ad399663af01a592f977d521f140e8dbb83a31aad1550d07492ca4901aa
margart-grady5@bailey.com,b9dd960c1753459a78115d3cb845a57d924b6877e805b08bd01086ccdf34433c
eartha0038@hotmail.com,8d3e0bf685d077784de23e1c217de5c5d8da4c0200d7c86df6ff607d9cbc6959
jordan97@c.com,dd130a849d7b29e5541b05d2f7f86a4acd4f1ec598c1c9438783f56bc4f0ff80
shay2@hotmail.com,aa866f38a639692f90aa5396faf5e50012af2edd49b01b513d6ac1de3e697022
rachael-valentine0@hotmail.com,3fe1f7584833183e2da842b2f18123186919d4aa9828dbebdb3956429d9607bb
kattie-minnick4@gmail.com,ce0fee7e61f9c74f1110f0e5940a80b4f059f189217d0c3d26bb41960d4bf597
gayla_malcolm-mull14582@imperial.com,be178c0543eb17f5f3043021c9e5fcf30285e557a4fc309cce97ff9ca6182912
cyril24492@candy.com,489f719cadf919094ddb38e7654de153ac33c02febb5de91e5345cbe372cf4a0
nigel-saddler097@yahoo.com,68be7550846ecd878947b4eb0ac13d3cca3cf6c4940c94d90163e0a15e947203
jaysoncaudle9@docs.com,2558a34d4d20964ca1d272ab26ccce9511d880579593cd4c9e01ab91ed00f325
ingrid.crooks24@repair.inami.toyama.jp,ffb29103283b6b9997b82997ed5a6a687f34bcfff7c07f33c715555942a30aa6
lincoln.houle@yahoo.com,d50ced435359c1f2baadf3c9149ca29fcdd610e639cd6082c52c2d33bb4ab748
britany_hummel@gmail.com,b371dbc4b0268fd4fb467c755690433d1c50348b944b696087a8700a4235217e
saturninasaucedo8663@lasting.com,710c3906ca8b54f86c9e020d989792d03b9a0d8904d7b57b3f57e74ab1746625
jeraldine6@yahoo.com,3c66157844fa8ce7e9b67b0022383d7709ba2b30f8306d3c9b2eceb2cd91e4dc
roselee211@internal.nord-odal.no,7aee5b5dbb9e781589946f9087eb09e4a880d57e5d52441daaf7d49f9c2e629f
sebastian43@brakes.com,4138cfbc5d36f31e8ae09ef4044bb88c0c9c6f289a6a1c27b335a99d1d8dc86f
janeth.leone69@ebony.com,0bb09d80600eec3eb9d7793a6f859bedde2a2d83899b70bd78e961ed674b32f4
donnetta_phifer@np.com,d618fb157a4b382e92fcd4a830c5fa8adef45a809543c524f7904e38f867dac8
preston0@hotmail.com,15acfdc75fdb88851487238cd8442c5ecc8e0c31868ce9f52a4e2361ba899f2f
nancy.hart8975@gmail.com,aa866f38a639692f90aa5396faf5e50012af2edd49b01b513d6ac1de3e697022
celia-matthews@gmail.com,d979885447a413abb6d606a5d0f45c3b7809e6fde2c83f0df3426f1fc9bfed97
simon86@gmail.com,f41f2c785e15ca0c3fa8776852d7dec9166e163011bf41d9f40ad67b8e93cc5f
ruthann6@yahoo.com,b493d48364afe44d11c0165cf470a4164d1e2609911ef998be868d46ade3de4e
lynellehurley1@reader.com,1c8bfe8f801d79745c4631d09fff36c82aa37fc4cce4fc946683d7b336b63032
ligia-guy049@hotmail.com,a68999add325ba9952ddf20a853ab998393e4488b8229c0fb7fc9dbc5be26ae8
beulah.north4@gmail.com,1df1854015e31ca286d015345eaff29a6c6073f70984a3a746823d4cac16b075
charlottelemke8301@gmail.com,3c66157844fa8ce7e9b67b0022383d7709ba2b30f8306d3c9b2eceb2cd91e4dc
lorina_bernstein95186@welcome.com,9c15e816069946fbd20bed0935dd9d8e34d64034d657a2b852f8b66ad91af5b6
kindra9@hebrew.com,8c1cdb9cb4dbac6dbb6ebd118ec8f9523d22e4e4cb8cc9df5f7e1e499bba3c10
arie-bowden293@copyright.com,b7059a7ac907cd5965ebf254ec216d1d1cb58eb0205162d4c7ebd062cc893a5b
leonie730@hotmail.com,ae50ad81a2d4006e372c0bd3220f24c377345455d0e980c3f0d94f0e5faf2561
brittny61@gmail.com,fa76d99ad957d952fb3738ae1ed7282a18d3bca1531c7efc273d52e16b774bd6
janella36@hotmail.com,635450503029fc2484f1d7eb80da8e25bdc1770e1dd14710c592c8929ba37ee9
solange-chu@cuts.com,9f2a08fde416cef2158943241fee1dd8f3cca092afddef1d53ae82318e05f63e
arie53@yahoo.com,5d7f15f2fce8ddb2dbef5c38be896c238ba7e0a432e396759030a853fa6b1151
daniela-matney@yahoo.com,c685a2c9bab235ccdd2ab0ea92281a521c8aaf37895493d080070ea00fc7f5d7
tabathahorsley4@dimensional.com,26a05370613ccf56c10ddc2439e319dc808aa9cd14ea8e1b64bde0fc602d3c9d
federico_crist@hoped.com,ae80f3fbe24d41338766aaf64cdf0145f92c0afdc95eb87aa3777d076584e345
jeanie3@wars.berg.no,9e69e7e29351ad837503c44a5971edebc9b7e6d8601c89c284b1b59bf37afa80
vertie1963@antiques.com.tt,67a7d5777fedda6f582329a7f1199a6fcafd40da7d6b29e29271d8d97b4233ee
zelma_garvey6@reducing.blogspot.cf,ea66f06bd8d37bbf7f74fcf064cd23af4aa104eadb0aa13684484b88a7e1c202
malissa9952@yahoo.com,d808cfd66215b9ca25d0d02778e1931c7055e2a21bde4a695b9df4ab522ff3cf
sulema915@rabbit.international,5094dcad61aca84adae760a3a4ef66bd00284a17a39286132c3b641ddbad87df
synthiateel@scripts.com,80d41c54a8ce6d26ae0bdd509db6b187140cae39b4b771269a0d006b0620e2d2
sanoracrews@hotmail.com,72d0166b5707d129dc321e56692fe454c034552ee9e2b38f5a7f1c1306a632ea
ngan_mcclendon@yahoo.com,0edbdffac1b7169c3d9d2702dc280aa30796941d2c56d9cf8f49ecda2f8ff623
samuel7025@frequencies.nym.by,eee9e0172bbf5a80265c631143abb58c37f3cb91f91a099ce70246045e818328
cathleen9102@basename.com,c2eb7898bb6771503ffee5d0c722e5b561fe480edbc30141880a1cdf1e5b1cf6
kassie549@differential.com,a441b15fe9a3cf56661190a0b93b9dec7d04127288cc87250967cf3b52894d11
denise.harmon@abraham.kvinnherad.no,ae80f3fbe24d41338766aaf64cdf0145f92c0afdc95eb87aa3777d076584e345
sharleen90383@syndicate.com,d16f06fe255d801e0639b8d749b815ea9e788af7b9ceba2b773c1dbc8f080442
roselyn72469@gmail.com,468c7b6449dd928f2ddad069fbfdb31f59ce214d67a1422c7610efb886ce6aa7
kerrie507@yahoo.com,a54e71f0e17f5aaf7946e66ab42cf3b1fd4e61d60581736c9f0eb1c3f794eb7c
latarsha1733@hotmail.com,1b4c9133da73a711322404314402765ab0d23fd362a167d6f0c65bb215113d94
leigh48@verify.com,2daf0e6c79009f9234ed9baa5bb930898e2847810617e118518d88e4d3140a2e
shaunnabutton5@gmail.com,807a09440428c0a8aef58bd3ece32938b0d76e638119e47619756f5c2c20ff3a
verlie50551@ray.com,94aec9fbed989ece189a7e172c9cf41669050495152bc4c1dbf2a38d7fd85627
machelle_pogue35919@yahoo.com,bf9b5951c550f519c08a4515282f5dc69e0a9e55152d5d316570436b9fa101dc
refugio12@yahoo.com,cea6e08605496fcf871946f7ee8d5f26bfe32eeec8fdfd614d152d1bd3e6391c
marlyn_hetrick@broadcasting.com,350c754ba4d38897693aa077ef43072a859d23f613443133fecbbd90a3512ca5
sheryl-sturgis45@hotmail.com,d17108747e922613fe66bf5b0ec450801f513b92e91d7838f0b739df9f68ba98
alicia17162@lexmark.com,5e0176c9d2070a5a2a22bf74b4abed303654690d58d64221ccbd022af827abc4
leigh94@prostores.com,3be7a505483c0050243c5cbad4700da13925aa4137a55e9e33efd8bc4d05850f
casie-chew735@accepts.com,8cbbcf29d9cef89675c5f5c1dcfe827d0570416a5aaba30dd0de159661ad905b
denyse22322@gmail.com,bcb15f821479b4d5772bd0ca866c00ad5f926e3580720659cc80d39c9d09802a
merilyn1840@how.com,49faaade493be8b6b6164ee67f7e4d101812a5dda970d6ca693dda8b8cf82e4b
mica39849@yahoo.com,fe384adb7e67d54e973c65b0174e3de5d8288e483958da561d39c98ddb1cc5d4
keesha.lang@functioning.definima.net,95fbeb8f769d2c0079d1d11348877da944aaefaba6ecf9f7f7dab6344ece8605
anita78459@things.com,a7a39b72f29718e653e73503210fbb597057b7a1c77d1fe321a1afcff041d4e1
aileen-russo@skip.com,a57a07cb258093b2a6b4ff7819bfe31cb4666d030cd9f86aba875e18caf328d3
hoa2256@knee.com,059a00192592d5444bc0caad7203f98b506332e2cf7abb35d684ea9bf7c18f08
debroah40522@philip.com,b0120ab459558f30fb7d0d98d4bd29a8131505f13eaa4b584ec91244d09cbde2
shellie-farrell482@gmail.com,03a8f0dd8edb33781a836ac497800b5f9c5c47c2ddbfd0f89581140589725a85
loida.robbins@becomes.com,72ab994fa2eb426c051ef59cad617750bfe06d7cf6311285ff79c19c32afd236
mignon78132@hotmail.com,4ea5ee68fea05586106890ded5733820bb77d919cda27bc4b8139b7cd33b8889
leilani_streeter943@yahoo.com,1f3ce40415a2081fa3eee75fc39fff8e56c22270d1a978a7249b592dcebd20b4
israel-mcclure4@oakland.vix.br,0522a55e2d5f0993a3d66d28864b2862a7218a75ea7968b075333434404485c3
ludivina4388@moon.com,7dcf407fa84a0e0519c7991154c4148de0244d7589020c0d9842db9efad82094
tamra-folk@fur.com,0fcd568a5cb9bdb4677b69354b11ee415af8f784519cff3da49a26f84eaee7f2
janessa-musser@nvidia.is-a-hard-worker.com,88a1881f0025cf7117501d07aefc5d4be6696656790d765678df8bc48ca52687
meg_diggs@accommodations.com,8c673a0108578213eb4368ed8f9d3799b3a5c90053c53b2e53c5ba4b60174cf6
lore.gillen6@door.com,c0c4a69b17a7955ac230bfc8db4a123eaa956ccf3c0022e68b8d4e2f5b699d1f
dalton_noel@fuji.com,fc881aa34d44660e1012dec26ccda0b469d6c8359e91dc674dab4c095b9fe832
irene-spivey05179@becomes.lahppi.no,b918c3f9116ce3a61efd71a1bada0d46c8f575283ce5d5798454a4abfb56ae79
terra_harris30@cathedral.com,0b04bad57d3b2c6f3736b7cb584f403ecf625cc31c0ad21e19e05a537304e969
addie.harness@hotmail.com,d37d96b42ad43384915e4513505c30c0b1c4e7c765b5577eda25b5dbd7f26d89
rashadstjohn11@nearby.avoues.fr,99bde068af2d49ed7fc8b8fa79abe13a6059e0db320bb73459fd96624bb4b33f
paige5@gmail.com,d2641888ed6426afd3d3649066cf3614ec2eb63d3ec90ba2e3a54ba2dffa61ca
shirlene-roney4@international.stjordalshalsen.no,0829103205fbe7963996bfacbaeaab326bb8eded5bd97e9b677f7c05fbe44b5b
damaris.marcotte87015@hotmail.com,8f398886c326b5f8f07b20ac250c87de6723e062474465273fe1524f2b9092fa
vicki-beam@yahoo.com,d22f115abd6b44f9985037cfb39d6e1ab2db87a470d3e1081196562d420b8e41
verdell3535@hotmail.com,21499b8293b51b616bbe1008434f3f604f527c37c93c156528fc868dc31d06c3
madeline-ricketts908@yahoo.com,30a989afc82c0a21139573591de4e5ff37994f7d1506a9acf2b5997005c2649f
cristopherstowe@shelter.com,510133fe029f3f0771ce22793daed8de767e92fbabc5ebdd004a48105fff3fe2
vada_gentry@voyuer.com,7349a876ddf6f1d6fb44146e0d1a826c9fabfcf8e96b48d0619d1c83cc6ad6bf
shawnda-greenberg72353@gmail.com,076a89c23179cedfc61171fe400ecf01fb76b9a48a68fb82dd0cd688d684d900
dorothaswain040@gmail.com,826d351f4fc913a4377c90a658119bc57a5bb231f21ce6f71fef7c262d9b2f97
selina.champagne5004@gmail.com,fa88de024364dbfcc278ce32fe7956ac7c2d058535f7ec9e8e017b8e3b77f805
virgil_stout9@themes.com,7ee8118150e0ce023742beba6f10bf23aabbf0bc2c182f36fd1a6753cd21b4c6
bette69@information.com,b6ad34b0b6b7e38f878a513b3f7927ebeb4cffb01aeb6d9fd9f9ad67fbc76517
glennis.garmon@yahoo.com,bd84dc633654d437de72ce67276ae9f9bd702392f7701cef86743dc571fb015a
agustina_brewster@imaging.com,d16f06fe255d801e0639b8d749b815ea9e788af7b9ceba2b773c1dbc8f080442
shavon.malone@classified.kunstunddesign.museum,60a0f78b507f6249a6e29eee34f3f2940188b0b995715a82a03469f5d1586275
melba-fulcher7@pins.com,8529ab6899015263573df683e57a9de269d60d38f9a5493152e1f53e8c5c2730
rodricklovell8291@alex.com,da454b02b4700b1f5dc5f9de972a531934ccb666cd00ed832fe6a36ece8b9ec3
holly-kohn4371@hotmail.com,ea66f06bd8d37bbf7f74fcf064cd23af4aa104eadb0aa13684484b88a7e1c202
ok_reyna@universe.com,a051e62c16c385ab646c4161a67a338bc8e7efdff2c797e53fcdb72b9fc2b4d0
vernitamitchel68666@cute.com,fcfd075cbe367c158d5cfaa31fa06656a3e68f626388d96ee81b35dda4310b58
rosalindhagen7@untitled.customer.speedpartner.de,94dc354ccaa14e47b774467966de2b443e428ae8ed4849d4e423fb387463d9a0
livia_ponce73115@precision.com,4ac134964872c4b0e2027c2be20aa440fa4e699ba9c5b9f1929bdab52824e424
belinda1@yahoo.com,1e84855630913c012d541a4720d243e6d07e8131ae47ebc69c5b0e11c36e6eee
angella4@camping.com,ff63d149bd73429d489fc9d1fa3cd1c5fb7b88a9c82694bb5e84ec700c4e0fad
celestehansen@renewal.com,0109df3bfbae1a4b6b6de4d96a49b95be66cc1915a621bb6fd576d6b6cca7741
suanne-cormier41526@yahoo.com,7826b958b79c70626801b880405eb5111557dadceb2fee2b1ed69a18eed0c6dc
marna.wertz085@gmail.com,cbc471ca60092bbe6c631f02bc57399b2da3d1ae491a55a1aa960a4b2e0ac7e8
collen.french@to.com,0422d42c689b7e8046dba2d7042e855f6d21e04464bab168fd263f5b10f893ed
trinity_mcqueen3@says.com,b5676481a6a1818bcb60de8c6859919f5855d44e60ea1c1587e06459b23e36f1
alexandria-lacroix@hotmail.com,1f254faa04cffa0d0a8c75f8514f0087429c37cc3516f7abb69c6660db2e6407
luise_kerns377@hotmail.com,b68823eded0bc9c7f3317d601ac24f6ac563895cee8e5a2bd2ca475906fe2615
shena_aguilar@hotmail.com,8458b1d651d9faf2691730497b34526730947b758078610ec3a56ebe844fd1a3
rodger.koch0@yahoo.com,a32d9d7c6187886c3b750722bdae1514fc990af3bbfebdce881fe9c2ce700097
haley13@hotmail.com,dd56de4137951d9c92681b03416ec15f886b4482a27e3a517d32f085244cbe5d
coralie-dexter647@coverage.com,b988b5837c24ad1987f31266e0246b0fdaaf7948714cfa2a9f7757c52977ff14
mac.mcvay@hotmail.com,0829103205fbe7963996bfacbaeaab326bb8eded5bd97e9b677f7c05fbe44b5b
rhiannon_rhyne-morley381@procedure.com,ea386175a5e7b01bf4a498e1b922dd4513731d8986940c037cb1377597bbc953
kenton6266@bracelet.online,466d1a9cc50f04d4f75efd2876bb4ea27dcd701ade74095ee3c361f5da5b42f0
jamel5@route.com,4674309091fa4ce073a21bee0c4d994505e0a17e13600ba0435a540208a37a6c
corrinabettis@yahoo.com,2e6887c8745b28fce2e729491ab7e4c63b527baf8c76a649f277623af34be211
venice17033@yahoo.com,49faaade493be8b6b6164ee67f7e4d101812a5dda970d6ca693dda8b8cf82e4b
milford_walls63835@hotmail.com,811eb81b9d11d65a36c53c3ebdb738ee303403cb79d781ccf4b40764e0a9d12a
arlethagalvez98@yahoo.com,7dcf407fa84a0e0519c7991154c4148de0244d7589020c0d9842db9efad82094
porsche-frazer19234@urw.pn.it,dfef5e53f9848472560a3e680a310d097ecc75919740646df38d31cab7aa07ac
dannielle79@hotmail.com,9b97ac5e767e5393cd0eed09a8e51b6f3775eba38f792593ea016e8ba9e996b0
arica51256@educators.com,157fc55121ab2c59852c35d78aca98d840047e5d9668c423e4d3b146e1577901
violahaskins47895@qc.com,78fe3f05768ff3a95c74ffafe366cc3474022d925ad5593af733bf8ac1ab0de6
douglasmooney@gmail.com,b82e723b461323374c1eec211e066dc7a1c2130fe36c906e4bec5cc45109c248
glynis-savage46@hotmail.com,5509840d0873adb0405588821197a8634501293486c601ca51e14063abe25d06
filiberto4@hotmail.com,34a533dfd7273a9bb03656b32956a2b1d08dc62533b11c813b28d0ef23ec8e67
regine18125@armor.com,f902def4855ca65edd49983167186a7d9e9ea3386078ef59ce92970d291b2b8e
conchaforest12524@yahoo.com,10910087de24bfcabe854fda62b5023a61fe531705043b9979fdf00f12c4c0ec
marcel95570@gmail.com,72d0166b5707d129dc321e56692fe454c034552ee9e2b38f5a7f1c1306a632ea
sharla0930@snake.com,519ba91a5a5b4afb9dc66f8805ce8c442b6576316c19c6896af2fa9bda6aff71
aleida.guerin@tile.com,715dc8493c36579a5b116995100f635e3572fdf8703e708ef1a08d943b36774e
fumiko-nevarez@oasis.wa.us,054e3b308708370ea029dc2ebd1646c498d59d7203c9e1a44cf0484df98e581a
evelina192@yahoo.com,90cc33a41b541af2c1964e3e10a46088cbdedf63031efaa35d588a698c91193f
ayanna-groves-moyer@hotmail.com,15e2b0d3c33891ebb0f1ef609ec419420c20e320ce94c65fbc8c3312448eb225
shastaheinrich@shadows.com,01c02776d7290e999c60af8413927df1d389690aab8cac12503066cf62e899f6
forest.pruitt-nettles@gmail.com,b026bccaaff344acbd5c046751242877fc311966541bc4409bac93f0a2a468fc
alexandria.mena@coverage.sandnessjøen.no,2e6887c8745b28fce2e729491ab7e4c63b527baf8c76a649f277623af34be211
carlo.crow@dogs.com,4f9f10b304cfe9b2b11fcb1387f694e18f08ea358c7e9f567434d3ad6cbd7fc4
scot3@yahoo.com,dffc504aa55359b9265cbebe1e4032fe600b64475ae3fd29c07d23223334d0af
calvin.winslow2@disputes.com,9fe93417853739c1c18c2e8b051860d1a317824f1aa91304d16f3fe832486f7a
marva.clough2763@sorry.eng.pro,74dd730b5c36c1cb4fdbb4bce1764c57f260190f94ba52d877308332f1dfe363
marget8170@athletics.macapa.br,cbc471ca60092bbe6c631f02bc57399b2da3d1ae491a55a1aa960a4b2e0ac7e8
elbakramer@gmail.com,fcc3a23fc7232cc89c7cb0f23d8774fefb73d7dc2ab22e6a1b6b8b202b4dcc91
willyromeo209@hotmail.com,818efe46a6c2ddb95df1bdecd7869fbd6ac790f24182f681cc6b7edf43ec7b69
kellee1288@gmail.com,6161b0a284159565a0f7d5df2dd2698b5f87906cd91ff5322caf179b451f5a41
efrain_baca18@polo.mil.mg,b6f8d434a847fb0f0c1a8d9b936b8ca952e224f205a55f4ba9b2c20f88fdc9e7
song_holland@hotmail.com,dc355ec75a2dc4a1d29582933b52f9f2ed71061432d72e1991d8b15445b2ff03
sirena52573@gras.myjino.ru,cd879f74c6ffe6e4ae973145798ca26489fa2a61f7b29ac5fd816c0ad959511f
kaitlin81@yahoo.com,bd84dc633654d437de72ce67276ae9f9bd702392f7701cef86743dc571fb015a
stefanie_stuckey0334@develops.pt,02d32f28a881b6966e7fcfd58b6b261a0cc5f50fda0e43f637cb6f087bdf3ed8
toi08843@hotmail.com,7aee5b5dbb9e781589946f9087eb09e4a880d57e5d52441daaf7d49f9c2e629f
beata_burge@flashing.com,917ebb3396b2ff2e27b75e3fe421b1edc07b998f74350472f3abc5c6620a68db
lowell_messer143@anxiety.com,09c587fb282c3423f0867eb10c37a6fd4e3a157865efbf7bccfd51621e9940c1
frederica-fellows721@gmail.com,df59c257785d70706a411e70e123aff2844d6d57eb19f3a071afc8e019f5f2d8
tawanna-sparrow@radical.noho.st,fe384adb7e67d54e973c65b0174e3de5d8288e483958da561d39c98ddb1cc5d4
astrid_hitchcock@hotmail.com,08bb42a30ca57f3455e11ac74fd30eae1196b25a9e7d634bfc5704d542ab7d20
lajuana_mills55441@mobile.com,daaad6e5604e8e17bd9f108d91e26afe6281dac8fda0091040a7a6d7bd9b43b5
maritza_echols@accessed.com,ff1b4a27562d8ffc821b4d7368818ad7c759cfc2068b7adf0d2712315d67359a
beulah_sebastian@hotmail.com,047d0d21dcef00fbfb1702ecf5132666d0a65a644cc1a7b1984d545235e70ee9
allisoncope@gmail.com,5600715f42bf51c40dc330d750cd996f58fead4ddea56466ce7498d17801b3a5
tequila-briscoe44@oem.com,15acfdc75fdb88851487238cd8442c5ecc8e0c31868ce9f52a4e2361ba899f2f
lindy.marino92@gmail.com,6ee4a469cd4e91053847f5d3fcb61dbcc91e8f0ef10be7748da4c4a1ba382d17
linda3@hotmail.com,9d0c52ae7023170cf8437d8683aeee910389238e7792b12c08f04f15c305ca9a
sherwoodcaskey@yahoo.com,b5676481a6a1818bcb60de8c6859919f5855d44e60ea1c1587e06459b23e36f1
irmgard05@estimation.com,cbbcacaf0d582e760874a68b44c572218102a1d24fa262b00dc7f090c7257302
sunny-creighton60201@hairy.iwatsuki.saitama.jp,3910df2fbded45107cc2e45237d1b0270374d7ccc0d48de2c986885aa162e38b
rhona.ma14746@gmail.com,81c16d337a1b73144ebf20b45661f2b02aa0b22e886a978d6b2ec929cdaaee9e
terence_lorenz9@gmail.com,d22f115abd6b44f9985037cfb39d6e1ab2db87a470d3e1081196562d420b8e41
rodrickledbetter-calabrese41@adams.com,a92f6bdb75789bccc118adfcf704029aa58063c604bab4fcdd9cd126ef9b69af
lexieperrin8@circulation.com,381cfb6e1e428419d5d6b5d113be06a9023d6407ebe388791ec3d59100d87ec5
edris.thornburg2@picture.com,80b1509ea37643250da601f2d24fe9b236b76fd3a3d7d18498d760cdd38813b2
camellia.talbott@hotmail.com,f6274d9892026fe47dd5f96f708ef8983dccc7bacf5ee4a90b2400805adaea0a
landon_weston493@hotmail.com,c9022680f888674e2b2274758755bfa07dea729b68d71cde5c521ed70ef261bf
yelena-hacker@yahoo.com,13a5c202e320d0bf9bb2c6e2c7cf380a6f7de5d392509fee260b809c893ff2f9
lucasmaguire5604@gmail.com,5e0176c9d2070a5a2a22bf74b4abed303654690d58d64221ccbd022af827abc4
cristal8810@reef.com,c0c4a69b17a7955ac230bfc8db4a123eaa956ccf3c0022e68b8d4e2f5b699d1f
dominick.wickham13@workforce.com,e6deb10a6558650aebf4c4d95fc47c716dfb2da7350183c114041c19ae9bfcd3
shakiaturney-knox56@gmail.com,8745f86640ad2ed6b8a2fd428845df3daa1cfcdba9ef74c0cfaa57cacec34f5b
bula.sexton8888@expiration.com,f9860d4c1fe72330e750bb2a1310337fc35022f31a0c625fd792930f4dc3e00c
denisha-mclemore@yahoo.com,bb647e29b34334079a9d553184f6cb58abd93182f8a4f7e95caf4bea0c2b2171
ernestine_larsen6@hotmail.com,ed45d626b07112a8a501d9672f3b92796a6754b8d8d9cb4c617fec9774889220
aleen_donley@providing.com,ea66f06bd8d37bbf7f74fcf064cd23af4aa104eadb0aa13684484b88a7e1c202
mirna_jansen860@featured.com,8b9b28baf5f711d6490548a84f7fee1a591d9557891122fda745c6a9cde8a226
timmy2@gmail.com,6636b31811ee0bbf593d11526ceb655267fe96d8daa4a164929664426952c348
cherilyn2@them.com,0c08c0d223af7f43cbf3543b4a3559cd0cc0b37893c38a2fc8319e204e80c2c2
oteliaromo2398@hotmail.com,203b70b5ae883932161bbd0bded9357e763e63afce98b16230be33f0b94c2cc5
larraine198@gmail.com,c81ce2684a7b8d8738cd9a978e5e1acc846eca4b92686420bc1e641d287c4e80
heathbunting93@gmail.com,85738f8f9a7f1b04b5329c590ebcb9e425925c6d0984089c43a022de4f19c281
shila12279@hotmail.com,49460b7bbbd3aad3f2cba09864f5e8b01a220ea8c077e9fa996de367e7984af0
nella0210@eating.com,01d027f99c658a86308f5ce4a721933a123462294983951e262d74e5b2dab989
tarsha-bogan@gmail.com,248b57c5cabbc9944d169d10bc4959a042d0bb81ab6cfc9166f40a9d0f0fd614
clair.harris@pottery.clothing,8d3e0bf685d077784de23e1c217de5c5d8da4c0200d7c86df6ff607d9cbc6959
kelley-royster@notice.ginan.gifu.jp,f95fc9d255314deebeb3e3be8c7a926caa4e2415c6372befaa8fd6f069b7c4a3
olevia.richter38@hotmail.com,2a8610aefdd0028c6bf074dd18721c0ef8bc43241cc7a653d7aedf2036bdf6b3
bernice66@mods.com,0bb09d80600eec3eb9d7793a6f859bedde2a2d83899b70bd78e961ed674b32f4
luana.mccurry7174@yahoo.com,dbc4a04327176e6577b4da46df04564150053960eba5d89587dad1f76a818d80
bobbie.harley7502@hotmail.com,b9f195c5cc7ef6afadbfbc42892ad47d3b24c6bc94bb510c4564a90a14e8b799
tonda5@hotmail.com,b68823eded0bc9c7f3317d601ac24f6ac563895cee8e5a2bd2ca475906fe2615
ela832@gmail.com,a3d92ef00ea150ebe63e6010f733567b904c0e5a34e660096913a1f341f793c1
asia_brannon@salon.com,337b8d2c1e132acd75171f1acf0e73b20bc9541720d5003813f59ef0ad51f86f
brianamarble@yahoo.com,0a14a1797925f8b61d010574c110617ee9bce8918da92c2187b9d02b68a792ba
cecila_mclean699@hs.hanawa.fukushima.jp,8ee9938e4b960a50540f1ca9299facc5a5f342d0848b402c322fd14592e4bc32
aida066@aerospace.com,1b4c9133da73a711322404314402765ab0d23fd362a167d6f0c65bb215113d94
aldo291@booth.com,4748d4c802a775e8db9a23ec58f0986cacdc5d2d3356d22c490a7d22331ff133
giselle2@yahoo.com,13a5c202e320d0bf9bb2c6e2c7cf380a6f7de5d392509fee260b809c893ff2f9
nakita-bunnell878@gmail.com,997d365120369bd47e6b01b4f595a2c023502eec97c3247ff72712a0ee944c6e
mittie2@riding.pi.leg.br,6c2d908d4726e707457a68f8632bb35ceaa60bcc0c09f4da86715c8e0f7e1a59
ray447@valve.com,0c08c0d223af7f43cbf3543b4a3559cd0cc0b37893c38a2fc8319e204e80c2c2
marita-moore@treasury.com,c5156f39a155dc85b08f47cc4181d75f21af40420e2c54283156c06c1d48e04c
mathilda_riddick@swim.com,ae50ad81a2d4006e372c0bd3220f24c377345455d0e980c3f0d94f0e5faf2561
devon_neumann@gmail.com,e388075da4fa4e95da9b56166145f9685d1e4b08efc7bd5e493daa2f671b49cc
hoyt.laflamme@push.com,cde48537ca2c28084ff560826d0e6388b7c57a51497a6cb56f397289e52ff41b
harley85@yahoo.com,5094dcad61aca84adae760a3a4ef66bd00284a17a39286132c3b641ddbad87df
maurine4@abroad.travel.pl,1718c24b10aeb8099e3fc44960ab6949ab76a267352459f203ea1036bec382c2
calvin-triplett@environmental.barsy.io,0a4ef253e3fef22cb9d3bc5280386f9f2d1cf351da6582d8254659d1b27ea0b3
herminia82707@yahoo.com,c06b0cfe0cc5e900c57784484094331f095bf441995c3c31ea6c75691c786c35
emeline3092@drivers.com,972964b66bdfe6b5b181c5112a6a0470204f64661ee7e3efb9aab0ce3cc403ff
danielle.griffiths0361@yahoo.com,510133fe029f3f0771ce22793daed8de767e92fbabc5ebdd004a48105fff3fe2
nicolas_kerns@hotmail.com,a18603086e5bdf9df88ccc9f5a083fed093e819976e87456b74dafcbd7011114
luke.hwang@strip.com,f83cff8066af378d59395fa91278096b180f836bcc17ea2a2744a847debdfae2
caridad4701@yahoo.com,ebb3de8a3d9a40366132eb5deb5af44e4c96c11696f8fc34ea2c1d8bd8399171
shylablais@gmail.com,b6f2920002873556366ad9f9a44711e4f34b596a892bd175427071e4064a89cc
reyes_watson@gmail.com,a3d92ef00ea150ebe63e6010f733567b904c0e5a34e660096913a1f341f793c1
song.conaway02@gmail.com,c0a4942143e872cd1ae29fc759e04526de2e909ac1732734d38550a29c2e2516
rickey0@girlfriend.com,91b4d142823f7d20c5f08df69122de43f35f057a988d9619f6d3138485c9a203
hisako_brady22@caused.com,38bc14a268a3da3ecf3db0c08a82726c246193ba3e964c9165690e17fbffdb88
inesvillarreal4471@yahoo.com,80d41c54a8ce6d26ae0bdd509db6b187140cae39b4b771269a0d006b0620e2d2
liliana-pfeifer89@backing.com,73cd1b16c4fb83061ad18a0b29b9643a68d4640075a466dc9e51682f84a847f5
zona67@wars.com,d4595ee7d9bca0d6c0726ec3209a1d6153a6d32bfb0bd26c2e1fd4b2b91789ea
tamisha61@hotmail.com,d2a1ba788399c8d1c1273791c5d9937a0b844247425556a9464677ac6dbbbd1f
breann-levine@admitted.com,b0d3518b1abfb59187800deb569decddae434fe85e383a2a0802325b04994ced
ammie.mahan@cancel.com,b9dd960c1753459a78115d3cb845a57d924b6877e805b08bd01086ccdf34433c
rosaline1@spank.com,37290d74ac4d186e3a8e5785d259d2ec04fac91ae28092e7620ec8bc99e830aa
pablo0775@gmail.com,c9022680f888674e2b2274758755bfa07dea729b68d71cde5c521ed70ef261bf
eleanore6475@incredible.fbxos.fr,f5b1f644f7c128b6522f2f49b300557655c5f2db68ef110729c9de88b7c5c0a9
kaycee-beavers36@yahoo.com,9409d68826fdb81945b7ffc4c8821e20da61464be2b738b910c834bd06eba39b
xavierfeldman7334@hotmail.com,299d6631d639256a762b81ee007deb44cdd1cbc983e025038e113a0e709d3f7b
winter_totten409@yahoo.com,d2a1ba788399c8d1c1273791c5d9937a0b844247425556a9464677ac6dbbbd1f
clora598@yahoo.com,afffe7625f4a57162381b7ee4488cfbc48e8c26126d46cdbd18a20ea36398994
lan_lim54120@gmail.com,c5422c052bfbd7bbd9764e0467688b62193fec4fa32a1b13af28d1708d5870ec
vertievarney31289@cases.com,c7c084318b6f1bece6f74ffce1ea53596070345272dee8040037497c7d4cbffe
rhett.younger43962@hotmail.com,88b1cca59060320e5e5662a7da636884eb7580f4dc7e22cfb6f88b8f99045a71
lorette_bermudez@humidity.suzaka.nagano.jp,88a1881f0025cf7117501d07aefc5d4be6696656790d765678df8bc48ca52687
lean328@hotmail.com,5e737f891db1175442a39fde73e51d781a545506d71c95477a6deb5988bd7f9a
hiedi7@yahoo.com,85738f8f9a7f1b04b5329c590ebcb9e425925c6d0984089c43a022de4f19c281
somer.larose@driver.com,fc881aa34d44660e1012dec26ccda0b469d6c8359e91dc674dab4c095b9fe832
lasandra_necaise-calloway80125@arrow.mein-vigor.de,b988b5837c24ad1987f31266e0246b0fdaaf7948714cfa2a9f7757c52977ff14
wilbert.scherer38498@construction.com,1c8bfe8f801d79745c4631d09fff36c82aa37fc4cce4fc946683d7b336b63032
ervinhulsey@genealogy.com,054e3b308708370ea029dc2ebd1646c498d59d7203c9e1a44cf0484df98e581a
rinahelms1@problem.com,102cf10b5286bad9fcfe5e275ace3ddd7dcc23931fb0ca93dc223daf9877cabd
cathy-childs225@signatures.com,15c6d611193988e468c7431229c59ce13b0407fba24f11d36c42680d7fa11e98
cassandra.langer@gba.com,532f011ec89ff0e2e1be76953593b588d47e8a454d18f554e4f2ea6d89615a10
kali.norfleet@adventures.com,52e8e47b38e854580afce4aade15dbd5ce0c0464da711afe71da123687d5a4cd
loan_oliphant1@gmail.com,03ac674216f3e15c761ee1a5e255f067953623c8b388b4459e13f978d7c846f4
danae-wilhelm@cover.com,3f08d8fadb4b67fb056623565edbbc2c788091d78fd24cbc473fce3043ce3473
tambra4749@stanford.com,c7c084318b6f1bece6f74ffce1ea53596070345272dee8040037497c7d4cbffe
stewart-bickford3@gmail.com,7781113a99f177280ad3e89bcf631f03acb8fa8e626082dd9158eeee0bdd5674
myrtice.schilling@yahoo.com,123fd666aa39d376690cfa6570426d3585c188b291bc87acf47b84e3fe822102
missy_valenzuela898@fill.marshalls,1a49bfba8f876f00a50aebea5a851f346c7c5ecb409f592f2b0f9ac08bba5f85
randolph507@sending.com,7aee5b5dbb9e781589946f9087eb09e4a880d57e5d52441daaf7d49f9c2e629f
lizzette1@strand.com,fc613b4dfd6736a7bd268c8a0e74ed0d1c04a959f59dd74ef2874983fd443fc9
dot_rivera-bray6@ref.com,bb61ef40814ce34c1edf0edb609854be9793198a8f60b67d9fb26643c32281d3
toya704@hotmail.com,8d2ac8b58ead9744d77286de9b0bcb7a894f238c3149fc9f3b1e3caff36330fe
bruno.mcmillian@indicator.com,2e4b9cc2428beb7bff6a56c14d7304e472a23e890e91ef0a6b0b0380e89f9734
jackpointer@assumed.us.na,a1df6dffb5e4869e2f750c4121219699b9f6d748d16b7118494d1f7dcf1585e5
florine-ornelas@gmail.com,73d1b1b1bc1dabfb97f216d897b7968e44b06457920f00f2dc6c1ed3be25ad4c
ulysses-carrion9782@success.com,e697c5113ce58b708b7c1f31f0423cc021d0bf3aacd3d63865c53a5f817ce278
natalyawicks05@hotmail.com,7130df43355ec25b38bac55351d4bdf2c965da2847b8824b5e7760adb7ef7cd1
vernie04352@hotmail.com,510133fe029f3f0771ce22793daed8de767e92fbabc5ebdd004a48105fff3fe2
jackelyn.lightner@gmail.com,b0d3518b1abfb59187800deb569decddae434fe85e383a2a0802325b04994ced
agustina.himes@renewable.com,67a4f45f0d1d9bc606486fc42dc4941668e71d34ee500735fe9b7ea4625c687c
athena.thayer3@televisions.com,dc355ec75a2dc4a1d29582933b52f9f2ed71061432d72e1991d8b15445b2ff03
simone48599@voice.nagareyama.chiba.jp,b3d4cd641cbb8123b7e269854e9fccde3a3722e891a1d1e90a51768b3000eafe
rowena-summers351@retreat.com,43ff792d79f75890d3c5181739783889bf9ef4a9397cc8d2fc0ea543ce5a30f7
omega-alarcon53957@burton.com,6460662e217c7a9f899208dd70a2c28abdea42f128666a9b78e6c0c064846493
inger-carvalho@gmail.com,5e737f891db1175442a39fde73e51d781a545506d71c95477a6deb5988bd7f9a
arleanmoeller@geological.com,519ba91a5a5b4afb9dc66f8805ce8c442b6576316c19c6896af2fa9bda6aff71
doreatha.giron@hotmail.com,20e09e434912381a1c6b13d77536d6786742fc5a11639eba8faae8fada86bfd7
darrinsellers2@soil.com,026ad9b14a7453b7488daa0c6acbc258b1506f52c441c7c465474c1a564394ff
veronika4133@easy.com,648b4a1fdb300546e35945195b516665bf9e45b69e334712e35f3ea0cf8cd79d
ralph.keefer@yahoo.com,d7e83e28a04b537e64424546b14caf9b67bad2f28dabce68116e0d372319fa00
christoper.sams@yahoo.com,997d365120369bd47e6b01b4f595a2c023502eec97c3247ff72712a0ee944c6e
maricelameacham@wildlife.com,07d046d5fac12b3f82daf5035b9aae86db5adc8275ebfbf05ec83005a4a8ba3e
ozell_mccurry@hotmail.com,d17f25ecfbcc7857f7bebea469308be0b2580943e96d13a3ad98a13675c4bfc2
kelsey-nieto82085@foreign.com,22f3ae2927952fc2fb44ba2d9e1e6da1ad7098bf02511c8e98155e5574873ceb
jeffrey.rea133@wife.com,7dcf407fa84a0e0519c7991154c4148de0244d7589020c0d9842db9efad82094
idelljernigan@html.com,85f5e10431f69bc2a14046a13aabaefc660103b6de7a84f75c4b96181d03f0b5
brucedelagarza@manufactured.com,9499e6aeffb2f5998ccd48fd550a2a74254575187d72e5fa0e8707edaa115de2
jacalyn50@hotmail.com,2e4b9cc2428beb7bff6a56c14d7304e472a23e890e91ef0a6b0b0380e89f9734
tilda.lamar380@yahoo.com,052d99ea8f31a3741b672cf7063d40ed4c19358181ae58aad0b29aad7f3c4b2a
zula1235@benefits.com,6ee4a469cd4e91053847f5d3fcb61dbcc91e8f0ef10be7748da4c4a1ba382d17
sabrina4525@int.izena.okinawa.jp,ba29297b6c4f8486cb3f92f5ff09f93ca5e16ceb198d9b5e159aa0ca47f94033
santa81@gmail.com,eee9e0172bbf5a80265c631143abb58c37f3cb91f91a099ce70246045e818328
sueann.latimer8197@patents.com,8d969eef6ecad3c29a3a629280e686cf0c3f5d5a86aff3ca12020c923adc6c92
anastasia_mayer@gmail.com,3d553499ef2d0924b7f878f1d3dbd5ca08662d428f28b0090113fe5ade93e556
isaac-dennison5@yahoo.com,88b1cca59060320e5e5662a7da636884eb7580f4dc7e22cfb6f88b8f99045a71
lyndsey-stahl@indexed.com,99bde068af2d49ed7fc8b8fa79abe13a6059e0db320bb73459fd96624bb4b33f
larissa_willingham4900@aggregate.maori.nz,0522a55e2d5f0993a3d66d28864b2862a7218a75ea7968b075333434404485c3
criselda46@appliance.com,b9f195c5cc7ef6afadbfbc42892ad47d3b24c6bc94bb510c4564a90a14e8b799
kathlynrodriquez@sheriff.com.ws,2cf24dba5fb0a30e26e83b2ac5b9e29e1b161e5c1fa7425e73043362938b9824
beverly13416@prairie.otsu.shiga.jp,f41f2c785e15ca0c3fa8776852d7dec9166e163011bf41d9f40ad67b8e93cc5f
alpha_arnett@matrix.com,208ad55e4c4200ca42a73ab260efd6df57efccc95aad25fe4d1f378e23a0acb6
shantel.lacroix@protecting.minamiise.mie.jp,d299927fdea2d5a7e994a5c8d4ff3bee85c5c770be1a4f7fa3b9b81bc216bd90
francisca_ngo@hotmail.com,6cb09fe72a3471a776f9dbb8509fa5befe73e878f23dd71be79d24ec90c1b9db
raquel5@hotmail.com,d16f06fe255d801e0639b8d749b815ea9e788af7b9ceba2b773c1dbc8f080442
danae7@gmail.com,79ea9358181884637163fbd61c06b22150f429636bdded87bdc70067db2396a4
pinkie529@series.com,0661652820890613176da180316c4cdbe82aecc68cb8426f983d2c846d3f498e
susann3373@gmail.com,20f645c703944a0027acf6fad92ec465247842450605c5406b50676ff0dcd5ea
nelson.howell64@yahoo.com,f5b1f644f7c128b6522f2f49b300557655c5f2db68ef110729c9de88b7c5c0a9
rayfordgladden@yahoo.com,379224b71a3cf4a8298f97090802a32132b92440b1f229d34d82ac2f66a6e80b
broderick96922@reports.com,fb12bb6e5802257873a301ccdfed71411543a6288cd453d5a5524821e970272f
allena6491@yahoo.com,c73c3a07b644b026251aa655331eee0394bea4e7bb1d5f019bfbcbeeb13e0f83
charita5771@physical.theworkpc.com,8588310a98676af6e22563c1559e1ae20f85950792bdcd0c8f334867c54581cd
jay-kessler9@reduce.com,8c68cf65b6c48e9d23d12e9a0cbfa7cba9e9ffb492e8f0022dec98d85d3d56f9
charles_shipp65939@gmail.com,b918c3f9116ce3a61efd71a1bada0d46c8f575283ce5d5798454a4abfb56ae79
dion56@yahoo.com,7904791f9bb496a3354bf75641e45feb31e881a00cebcb2508e45bd942a6e430
jerald_cloud7659@gmail.com,c4cf94e75b6067e81d73250448a38c1030abfdd4b801a5b2e02559b2adddcbe9
janeenschafer597@are.com,18ccba186d8757c20cbf05d7a98b2c64f9f16eb64ea4a64659bbc5c9b7b3a7fe
kara-winter36@src.com,8879addeb18c6b29e8b89960f3310224792fbe08e955aabc3956bd4f29f1bc72
stephane1123@hotmail.com,09c587fb282c3423f0867eb10c37a6fd4e3a157865efbf7bccfd51621e9940c1
janet40822@bath.com,548a0cae663517c2ba666ca86c2cc3e256006d94fa5725772b02c8ede803259d
ilda_matheson-bowden20@yahoo.com,03a8f0dd8edb33781a836ac497800b5f9c5c47c2ddbfd0f89581140589725a85
sadye-bower4543@yahoo.com,c006c7e3ab14d686f63524136f1ec7c5e553d839bc01c851e4dc9de2bdbfc589
kathie-william@gmail.com,b6ad34b0b6b7e38f878a513b3f7927ebeb4cffb01aeb6d9fd9f9ad67fbc76517
